Time,bcglpid01,bcglpiw01,bcocpl01,bcocpl02,bcocpl41,bcocpl42,bcpxkv01,bcpxkv02,bcpxkv03,bcrepo01
2022-01-01T00:00:00+07:00,0,0,0,0.03,0,0,0,0,0,0
2022-01-01T00:20:00+07:00,0.043333333,0,0,0,0.035,0,0.055,0.0025,0,0.02
2022-01-01T00:40:00+07:00,0.008333333,0,0,0,0,0,0.01,0.015,0,0
2022-01-01T01:00:00+07:00,0,0,0,0,0,0,0,0,0.0225,0
2022-01-01T01:20:00+07:00,0,0,0,0,0,0,0,0,0.005,0
2022-01-01T01:40:00+07:00,0,0,0,0,0,0,0,0.0025,0,0.025
2022-01-01T02:00:00+07:00,0,0,0,0,0,0.01,0,0.0025,0.005,0.01
2022-01-01T02:20:00+07:00,0,0,0,0,0,0,0.0025,0,0,0.03
2022-01-01T02:40:00+07:00,0,0,0.025,0,0.005,0,0.0225,0,0.005,0
2022-01-01T03:00:00+07:00,0,0,0.005,0,0.01,0,0,0.01,0.0325,0
2022-01-01T03:20:00+07:00,0.003333333,0,0,0,0.005,0,0,0,0.0625,0.03
2022-01-01T03:40:00+07:00,0,0,0,0,0.03,0,0,0.0025,0,0.315
2022-01-01T04:00:00+07:00,0,0,0,0,0,0,0.005,0,0,0.025
2022-01-01T04:20:00+07:00,0,0,0,0,0,0,0.0075,0,0.0225,0
2022-01-01T04:40:00+07:00,0,0,0,0,0,0,0.035,0,0.0325,0.04
2022-01-01T05:00:00+07:00,0,0,0,0,0,0.005,0.01,0,0,0.01
2022-01-01T05:20:00+07:00,0,0,0.005,0.04,0,0,0,0,0,0
2022-01-01T05:40:00+07:00,0,0,0,0,0,0,0.005,0,0,0
2022-01-01T06:00:00+07:00,0,0,0,0,0,0,0.0475,0.0075,0.0175,0.03
2022-01-01T06:20:00+07:00,0,0,0,0,0,0,0.03,0.0025,0.01,0
2022-01-01T06:40:00+07:00,0.006666667,0,0.03,0,0,0,0,0,0,0.01
2022-01-01T07:00:00+07:00,0.006666667,0,0,0,0,0,0.005,0.04,0,0
2022-01-01T07:20:00+07:00,0,0,0.04,0,0,0.095,0.02,0.0025,0,0
2022-01-01T07:40:00+07:00,0,0.005,0.02,0.005,0,0.035,0.01,0.0225,0.0025,0
2022-01-01T08:00:00+07:00,0,0,0,0,0,0,0.005,0.0425,0,0.025
2022-01-01T08:20:00+07:00,0,0,0.025,0,0,0,0,0,0.0125,0.01
2022-01-01T08:40:00+07:00,0,0,0.025,0,0,0,0.07,0.0025,0,0.015
2022-01-01T09:00:00+07:00,0,0,0,0,0.005,0,0.0125,0,0.0025,0.02
2022-01-01T09:20:00+07:00,0,0,0,0,0,0,0.0075,0,0,0.01
2022-01-01T09:40:00+07:00,0,0,0,0,0,0,0.0075,0.005,0,0.04
2022-01-01T10:00:00+07:00,0,0,0,0.025,0.005,0,0,0.005,0.005,0.01
2022-01-01T10:20:00+07:00,0,0,0,0.005,0,0,0,0,0.0025,0
2022-01-01T10:40:00+07:00,0,0,0,0,0,0,0.0025,0,0.005,0.065
2022-01-01T11:00:00+07:00,0,0,0.035,0,0,0,0,0.0075,0.0075,0
2022-01-01T11:20:00+07:00,0,0,0,0,0,0,0,0,0.02,0.04
2022-01-01T11:40:00+07:00,0,0,0,0,0,0,0.0175,0.0175,0.0375,0
2022-01-01T12:00:00+07:00,0,0,0.035,0,0,0,0.0925,0.0025,0,0.045
2022-01-01T12:20:00+07:00,0,0,0,0,0,0,0,0,0.02,0.035
2022-01-01T12:40:00+07:00,0,0,0,0,0.005,0,0.0025,0,0.03,0.025
2022-01-01T13:00:00+07:00,0,0,0.035,0,0.265,0,0,0,0.0275,0.01
2022-01-01T13:20:00+07:00,0,0,0,0,0,0,0,0,0.025,0.05
2022-01-01T13:40:00+07:00,0,0,0,0,0.005,0.01,0.0025,0.0075,0.0025,0.005
2022-01-01T14:00:00+07:00,0,0,0.005,0,0,0,0.01,0,0,0.01
2022-01-01T14:20:00+07:00,0,0,0.02,0,0,0,0,0.005,0,0.005
2022-01-01T14:40:00+07:00,0,0,0.09,0,0,0,0.04,0.0075,0,0.01
2022-01-01T15:00:00+07:00,0.003333333,0,0.02,0,0,0,0,0,0.0125,0.01
2022-01-01T15:20:00+07:00,0,0,0,0,0,0,0.015,0,0,0.03
2022-01-01T15:40:00+07:00,0,0,0.11,0,0,0,0.005,0.0025,0.0025,0.025
2022-01-01T16:00:00+07:00,0,0,0.01,0,0,0,0.005,0.035,0,0.035
2022-01-01T16:20:00+07:00,0,0,0,0,0,0,0.0325,0,0,0.08
2022-01-01T16:40:00+07:00,0,0,0,0,0,0,0,0,0,0.005
2022-01-01T17:00:00+07:00,0,0,0.01,0,0,0,0.0475,0,0,0.005
2022-01-01T17:20:00+07:00,0,0,0,0.095,0,0,0.0225,0.02,0,0.025
2022-01-01T17:40:00+07:00,0,0,0,0,0,0,0,0.08,0,0.025
2022-01-01T18:00:00+07:00,0,0,0.01,0,0,0,0.005,0.015,0,0
2022-01-01T18:20:00+07:00,0,0,0,0,0,0,0.0025,0,0,0.01
2022-01-01T18:40:00+07:00,0,0,0,0,0,0,0.005,0.015,0.0025,0
2022-01-01T19:00:00+07:00,0,0,0.03,0,0,0,0.005,0.015,0,0
2022-01-01T19:20:00+07:00,0,0,0.045,0,0.005,0,0.0025,0.005,0,0.04
2022-01-01T19:40:00+07:00,0,0,0,0,0,0,0,0.01,0,0.035
2022-01-01T20:00:00+07:00,0,0,0,0,0.005,0,0,0,0.0925,0.03
2022-01-01T20:20:00+07:00,0,0,0,0,0,0,0.015,0,0,0.035
2022-01-01T20:40:00+07:00,0,0,0.01,0,0,0,0,0,0.005,0.025
2022-01-01T21:00:00+07:00,0,0,0,0,0,0,0,0,0.0325,0.01
2022-01-01T21:20:00+07:00,0.003333333,0,0.03,0,0,0,0,0,0.02,0.04
2022-01-01T21:40:00+07:00,0,0.04,0.015,0,0,0,0,0.04,0,0.035
2022-01-01T22:00:00+07:00,0,0,0,0,0,0,0,0,0,0
2022-01-01T22:20:00+07:00,0,0,0,0,0,0,0.015,0,0.0175,0
2022-01-01T22:40:00+07:00,0,0,0,0,0,0,0.04,0.0025,0,0
2022-01-01T23:00:00+07:00,0,0,0.01,0,0,0,0,0.01,0,0.005
2022-01-01T23:20:00+07:00,0,0,0.005,0,0,0,0.015,0,0,0.03
2022-01-01T23:40:00+07:00,0,0,0,0,0,0,0.0025,0,0,0.035
2022-01-02T00:00:00+07:00,0,0,0,0,0,0,0.0025,0.005,0,0
2022-01-02T00:20:00+07:00,0.005,0,0,0,0,0,0.015,0.0775,0,0
2022-01-02T00:40:00+07:00,0,0,0,0,0,0,0.01,0.015,0.025,0
2022-01-02T01:00:00+07:00,0,0,0,0,0,0,0,0,0.0225,0.025
2022-01-02T01:20:00+07:00,0,0,0.005,0,0,0,0.1075,0,0,0.035
2022-01-02T01:40:00+07:00,0,0,0,0,0,0,0.0075,0,0,0
2022-01-02T02:00:00+07:00,0,0,0,0,0,0,0.0075,0.01,0.0125,0.01
2022-01-02T02:20:00+07:00,0,0,0,0,0,0,0,0.0175,0,0.045
2022-01-02T02:40:00+07:00,0.008333333,0,0.005,0,0,0,0,0,0,0.015
2022-01-02T03:00:00+07:00,0,0,0,0,0,0,0.0025,0,0.0025,0.005
2022-01-02T03:20:00+07:00,0,0,0.015,0,0,0,0.025,0,0,0
2022-01-02T03:40:00+07:00,0,0,0.005,0,0,0,0.0625,0,0.0475,0.08
2022-01-02T04:00:00+07:00,0,0,0,0,0,0,0.0025,0.0025,0.005,0
2022-01-02T04:20:00+07:00,0,0,0,0,0,0,0.0275,0.0025,0.045,0.025
2022-01-02T04:40:00+07:00,0,0.045,0,0,0,0,0,0.0025,0.0375,0
2022-01-02T05:00:00+07:00,0,0,0,0,0,0,0,0,0,0.03
2022-01-02T05:20:00+07:00,0,0,0,0.005,0.075,0,0,0.0175,0.03,0
2022-01-02T05:40:00+07:00,0,0,0,0,0,0,0.005,0,0.05,0
2022-01-02T06:00:00+07:00,0,0,0,0,0.05,0,0,0,0,0.01
2022-01-02T06:20:00+07:00,0,0,0,0,0,0,0,0,0,0.02
2022-01-02T06:40:00+07:00,0,0,0.025,0,0,0,0.005,0,0,0.01
2022-01-02T07:00:00+07:00,0,0,0.005,0,0,0,0,0,0,0.01
2022-01-02T07:20:00+07:00,0,0,0,0,0.04,0,0,0.005,0.015,0.075
2022-01-02T07:40:00+07:00,0,0,0.005,0,0,0,0.0025,0,0,0
2022-01-02T08:00:00+07:00,0,0,0.005,0,0,0,0,0.0075,0,0
2022-01-02T08:20:00+07:00,0,0,0.03,0,0,0,0.005,0.0025,0,0.045
2022-01-02T08:40:00+07:00,0,0,0,0,0,0,0.035,0.0725,0,0.045
2022-01-02T09:00:00+07:00,0,0,0,0,0,0,0,0,0,0
2022-01-02T09:20:00+07:00,0,0,0,0,0.025,0,0,0,0,0.005
2022-01-02T09:40:00+07:00,0,0.005,0.035,0,0,0,0.035,0.0025,0.025,0.01
2022-01-02T10:00:00+07:00,0,0,0,0,0,0,0.04,0,0,0
2022-01-02T10:20:00+07:00,0,0,0,0,0,0,0.005,0,0,0.025
2022-01-02T10:40:00+07:00,0,0,0,0,0,0,0,0,0,0.02
2022-01-02T11:00:00+07:00,0,0,0,0,0,0,0.015,0.03,0.01,0
2022-01-02T11:20:00+07:00,0.005,0,0,0,0,0,0,0,0.005,0.005
2022-01-02T11:40:00+07:00,0,0.01,0,0,0,0,0.0225,0.005,0.0425,0.02
2022-01-02T12:00:00+07:00,0,0,0.01,0,0.005,0,0,0,0.005,0.005
2022-01-02T12:20:00+07:00,0,0,0,0,0,0,0.01,0,0.0025,0
2022-01-02T12:40:00+07:00,0,0.04,0,0,0,0,0.0125,0.035,0.07,0.015
2022-01-02T13:00:00+07:00,0,0,0,0,0.02,0,0.0125,0,0,0.005
2022-01-02T13:20:00+07:00,0,0,0.02,0,0,0,0,0,0,0.06
2022-01-02T13:40:00+07:00,0,0,0,0,0,0,0.0175,0,0.04,0.01
2022-01-02T14:00:00+07:00,0,0,0,0,0,0,0,0,0.0525,0.01
2022-01-02T14:20:00+07:00,0,0,0.01,0,0,0,0.005,0.0025,0.005,0
2022-01-02T14:40:00+07:00,0,0,0,0,0,0,0,0,0.0125,0
2022-01-02T15:00:00+07:00,0,0,0,0,0,0,0,0,0,0
2022-01-02T15:20:00+07:00,0,0,0,0,0,0,0.0025,0,0.02,0.005
2022-01-02T15:40:00+07:00,0,0.01,0,0,0,0,0.0125,0.005,0.005,0
2022-01-02T16:00:00+07:00,0,0,0.005,0,0,0,0,0.015,0,0
2022-01-02T16:20:00+07:00,0,0,0,0,0.02,0,0,0.0075,0.03,0
2022-01-02T16:40:00+07:00,0,0.01,0.03,0,0,0,0.0075,0.0025,0.015,0
2022-01-02T17:00:00+07:00,0,0,0,0,0,0,0.0175,0.04,0.0075,0
2022-01-02T17:20:00+07:00,0,0,0.005,0,0,0,0.0075,0,0,0
2022-01-02T17:40:00+07:00,0,0,0.015,0,0.02,0,0,0,0,0
2022-01-02T18:00:00+07:00,0,0,0.04,0,0.02,0,0.0375,0,0.02,0.02
2022-01-02T18:20:00+07:00,0,0,0.01,0,0,0,0.015,0.0025,0.01,0.005
2022-01-02T18:40:00+07:00,0,0,0,0,0,0,0,0.0075,0.01,0.05
2022-01-02T19:00:00+07:00,0,0,0,0,0,0,0.015,0,0,0.01
2022-01-02T19:20:00+07:00,0,0,0,0,0,0,0.0175,0,0.0025,0
2022-01-02T20:00:00+07:00,0,0,0.025,0,0,0,0,0.0075,0,0.015
2022-01-02T20:20:00+07:00,0.001666667,0,0,0,0,0,0.0025,0.015,0.01,0
2022-01-02T20:40:00+07:00,0,0,0,0,0,0,0,0,0.0075,0
2022-01-02T21:00:00+07:00,0,0,0,0,0.005,0,0,0,0.035,0
2022-01-02T21:20:00+07:00,0,0,0,0,0,0,0.0075,0.0025,0,0.07
2022-01-02T21:40:00+07:00,0,0.055,0,0,0,0,0.01,0,0.01,0.05
2022-01-02T22:00:00+07:00,0,0,0,0.01,0,0.015,0.015,0,0.03,0
2022-01-02T22:20:00+07:00,0,0,0,0,0,0,0.0375,0,0.025,0
2022-01-02T22:40:00+07:00,0,0,0,0,0.025,0,0.005,0.0125,0,0
2022-01-02T23:00:00+07:00,0,0,0,0.1,0.005,0,0,0,0,0.005
2022-01-02T23:20:00+07:00,0,0,0.005,0,0,0,0.1325,0,0.0375,0.045
2022-01-02T23:40:00+07:00,0,0.035,0,0,0.01,0,0,0,0.005,0.045
2022-01-03T00:00:00+07:00,0,0,0,0,0.04,0,0.0125,0.025,0,0
2022-01-03T00:20:00+07:00,0,0,0.01,0,0,0,0,0,0.02,0.005
2022-01-03T00:40:00+07:00,0,0,0,0,0.025,0,0,0,0.005,0.02
2022-01-03T01:00:00+07:00,0.02,0,0,0,0,0.155,0.0025,0.0025,0,0.005
2022-01-03T01:20:00+07:00,0,0,0,0,0,0,0.0275,0.0525,0,0
2022-01-03T01:40:00+07:00,0,0,0.005,0,0,0,0,0,0.0075,0
2022-01-03T02:00:00+07:00,0,0,0.01,0,0.065,0,0.0075,0,0.0025,0
2022-01-03T02:20:00+07:00,0,0,0.005,0,0,0,0.0625,0,0,0.06
2022-01-03T02:40:00+07:00,0,0,0,0,0,0,0.0125,0.005,0.01,0.01
2022-01-03T03:00:00+07:00,0,0,0.015,0,0,0,0,0.005,0,0.03
2022-01-03T03:20:00+07:00,0,0.02,0.035,0,0.015,0,0.0125,0,0,0.29
2022-01-03T03:40:00+07:00,0,0,0,0,0,0,0,0,0,0.005
2022-01-03T04:00:00+07:00,0,0.03,0,0,0,0,0,0.045,0.005,0.03
2022-01-03T04:20:00+07:00,0,0,0,0,0,0,0.04,0,0,0
2022-01-03T04:40:00+07:00,0,0,0.015,0,0,0,0,0.0025,0,0.04
2022-01-03T05:00:00+07:00,0,0,0,0,0.02,0,0.0025,0,0.0075,0
2022-01-03T05:20:00+07:00,0,0,0,0,0.02,0,0,0.005,0.04,0
2022-01-03T05:40:00+07:00,0,0,0,0,0,0,0,0.015,0.005,0.035
2022-01-03T06:00:00+07:00,0,0,0.015,0,0,0,0.005,0.025,0,0.005
2022-01-03T06:20:00+07:00,0,0,0.02,0,0,0,0.015,0,0.0475,0
2022-01-03T06:40:00+07:00,0,0,0.005,0,0.11,0,0,0,0.05,0.005
2022-01-03T07:00:00+07:00,0.005,0.005,0,0,0,0,0,0.0075,0,0.01
2022-01-03T07:20:00+07:00,0,0,0,0,0,0.035,0.035,0.0075,0,0.04
2022-01-03T07:40:00+07:00,0,0,0.02,0,0,0.035,0.0075,0,0,0
2022-01-03T08:00:00+07:00,0,0.03,0,0,0.01,0,0,0,0,0
2022-01-03T08:20:00+07:00,0,0.03,0,0,0,0,0.01,0.01,0.0075,0.02
2022-01-03T08:40:00+07:00,0,0,0,0,0,0,0,0,0,0.015
2022-01-03T09:00:00+07:00,0,0,0,0,0,0,0,0,0.0075,0
2022-01-03T09:20:00+07:00,0,0,0.185,0,0,0,0.0025,0.0125,0,0
2022-01-03T09:40:00+07:00,0,0,0.005,0,0,0,0.015,0.0425,0,0.01
2022-01-03T10:00:00+07:00,0,0,0,0,0,0,0.005,0.01,0.005,0.04
2022-01-03T10:20:00+07:00,0,0,0,0,0,0,0.0025,0,0.0025,0.01
2022-01-03T10:40:00+07:00,0,0,0,0,0,0,0.05,0,0.005,0.025
2022-01-03T11:00:00+07:00,0,0,0,0,0,0,0.015,0,0,0.04
2022-01-03T11:20:00+07:00,0,0,0.005,0,0,0.02,0,0,0,0.02
2022-01-03T11:40:00+07:00,0,0,0.06,0,0,0,0.005,0.01,0,0
2022-01-03T12:00:00+07:00,0,0,0,0,0,0,0.015,0,0.0025,0.015
2022-01-03T12:20:00+07:00,0,0,0,0.005,0.005,0,0.005,0,0.005,0.015
2022-01-03T12:40:00+07:00,0,0,0.085,0,0,0,0,0,0.0025,0.005
2022-01-03T13:00:00+07:00,0,0,0,0,0,0,0,0,0,0.005
2022-01-03T13:20:00+07:00,0,0,0.02,0,0.005,0,0.0175,0,0.0025,0
2022-01-03T13:40:00+07:00,0,0,0.03,0,0,0,0.015,0,0.055,0
2022-01-03T14:00:00+07:00,0,0,0.02,0,0,0,0.005,0,0,0.04
2022-01-03T14:20:00+07:00,0,0,0.01,0,0,0,0,0,0,0.02
2022-01-03T14:40:00+07:00,0,0,0,0,0,0,0.02,0,0.0625,0
2022-01-03T15:00:00+07:00,0,0,0,0,0,0,0,0.0275,0.0525,0.02
2022-01-03T15:20:00+07:00,0.001666667,0,0,0,0,0.015,0,0,0.0025,0
2022-01-03T15:40:00+07:00,0,0,0.01,0,0,0,0,0.0025,0,0.005
2022-01-03T16:00:00+07:00,0,0,0,0,0,0,0.005,0.0025,0.0175,0.035
2022-01-03T16:20:00+07:00,0,0,0.015,0,0,0,0.025,0.015,0,0.02
2022-01-03T16:40:00+07:00,0,0,0,0,0,0.035,0,0.005,0.0075,0.025
2022-01-03T17:00:00+07:00,0,0,0.005,0,0,0,0,0,0.0025,0.035
2022-01-03T17:20:00+07:00,0,0,0,0,0,0,0,0,0.0025,0
2022-01-03T17:40:00+07:00,0,0,0.055,0,0,0,0.0025,0.01,0.01,0
2022-01-03T18:00:00+07:00,0.016666667,0,0,0,0,0,0.01,0.0525,0.0075,0
2022-01-03T18:20:00+07:00,0,0,0,0,0.005,0,0,0.0075,0.01,0.035
2022-01-03T18:40:00+07:00,0,0,0,0,0,0,0,0,0,0.01
2022-01-03T19:00:00+07:00,0,0,0,0,0,0,0.095,0.015,0.01,0.015
2022-01-03T19:20:00+07:00,0,0,0,0,0,0,0.015,0.005,0.0175,0.03
2022-01-03T19:40:00+07:00,0,0,0.005,0,0,0,0.005,0,0,0.035
2022-01-03T20:00:00+07:00,0,0,0,0,0,0,0,0.015,0.0025,0.07
2022-01-03T20:20:00+07:00,0,0.005,0,0,0,0,0,0.0075,0,0.06
2022-01-03T20:40:00+07:00,0,0,0,0,0,0,0.0025,0,0.015,0.025
2022-01-03T21:00:00+07:00,0,0,0,0,0,0,0.0125,0.005,0.0025,0.045
2022-01-03T21:20:00+07:00,0,0,0,0,0,0,0.0875,0,0.0025,0.08
2022-01-03T21:40:00+07:00,0,0,0,0,0,0,0,0.0025,0,0.025
2022-01-03T22:00:00+07:00,0,0,0,0,0.02,0,0,0,0.12,0.02
2022-01-03T22:20:00+07:00,0,0.085,0,0,0,0,0,0.01,0,0.01
2022-01-03T22:40:00+07:00,0,0,0,0,0,0,0.0025,0.0125,0.0075,0
2022-01-03T23:00:00+07:00,0,0,0.025,0,0,0,0.02,0,0.07,0.01
2022-01-03T23:20:00+07:00,0,0,0,0,0,0,0.025,0,0.03,0.005
2022-01-03T23:40:00+07:00,0,0,0,0,0.01,0,0.0025,0.0025,0,0.03
2022-01-04T00:00:00+07:00,0,0,0,0,0,0,0,0,0.005,0.095
2022-01-04T00:20:00+07:00,0,0,0,0,0,0,0.02,0.0925,0.015,0.025
2022-01-04T00:40:00+07:00,0,0,0,0,0,0,0,0.0075,0.0425,0.025
2022-01-04T01:00:00+07:00,0,0,0,0,0.025,0,0,0.005,0,0.01
2022-01-04T01:20:00+07:00,0.001666667,0,0,0.01,0.02,0,0,0.015,0,0.005
2022-01-04T01:40:00+07:00,0,0,0,0,0,0,0.0225,0,0.0075,0
2022-01-04T02:00:00+07:00,0,0,0,0.005,0.03,0,0.0075,0.015,0,0.02
2022-01-04T02:20:00+07:00,0,0,0.04,0,0.005,0,0.01,0.04,0,0.03
2022-01-04T02:40:00+07:00,0,0,0,0,0,0,0,0.08,0.0075,0
2022-01-04T03:00:00+07:00,0,0,0,0,0,0,0.0275,0.005,0,0.015
2022-01-04T03:20:00+07:00,0,0,0,0,0,0,0.06,0.0125,0.05,0.015
2022-01-04T03:40:00+07:00,0,0,0,0,0,0,0.015,0.005,0.0025,0.01
2022-01-04T04:00:00+07:00,0,0,0,0,0,0,0.0075,0.0025,0,0.035
2022-01-04T04:20:00+07:00,0,0,0,0,0,0,0.005,0.0125,0,0.01
2022-01-04T04:40:00+07:00,0,0,0,0,0.035,0,0.02,0,0.005,0.04
2022-01-04T05:00:00+07:00,0,0,0,0,0.02,0,0.0125,0,0.005,0
2022-01-04T05:20:00+07:00,0,0.005,0,0.01,0.01,0,0,0,0.0025,0
2022-01-04T05:40:00+07:00,0,0,0,0,0,0,0.015,0.005,0.04,0.005
2022-01-04T06:00:00+07:00,0,0,0,0,0,0,0.0025,0,0.0025,0
2022-01-04T06:20:00+07:00,0,0,0,0,0,0,0,0.005,0.035,0.065
2022-01-04T06:40:00+07:00,0,0,0,0,0,0,0.015,0,0,0
2022-01-04T07:00:00+07:00,0,0,0.005,0,0,0,0,0.0025,0,0.02
2022-01-04T07:20:00+07:00,0,0,0,0,0,0,0,0,0.0275,0
2022-01-04T07:40:00+07:00,0,0,0,0,0.01,0.005,0.0125,0,0.0775,0.05
2022-01-04T08:00:00+07:00,0,0,0,0,0,0,0.0375,0.005,0,0.025
2022-01-04T08:20:00+07:00,0,0,0.005,0,0,0,0,0,0.0025,0
2022-01-04T08:40:00+07:00,0,0,0,0,0,0,0.01,0,0.03,0.035
2022-01-04T09:00:00+07:00,0,0,0,0,0,0,0.0025,0,0,0
2022-01-04T09:20:00+07:00,0,0,0,0,0,0,0.0425,0.0275,0,0
2022-01-04T09:40:00+07:00,0,0,0.01,0,0,0,0.0025,0.0525,0,0.01
2022-01-04T10:00:00+07:00,0.01,0,0,0,0,0,0,0.0075,0.015,0
2022-01-04T10:20:00+07:00,0,0,0,0,0,0,0.0075,0.025,0.0025,0.05
2022-01-04T10:40:00+07:00,0,0,0,0,0,0,0.0425,0.0325,0.015,0.025
2022-01-04T11:00:00+07:00,0,0,0,0,0.01,0,0,0.015,0,0
2022-01-04T11:20:00+07:00,0,0,0,0,0.005,0,0,0,0,0.035
2022-01-04T11:40:00+07:00,0,0,0,0,0,0,0.015,0,0.0375,0.01
2022-01-04T12:00:00+07:00,0,0,0,0,0,0,0.0225,0,0.02,0
2022-01-04T12:20:00+07:00,0,0,0,0,0,0,0,0,0.0325,0.01
2022-01-04T12:40:00+07:00,0,0,0,0,0,0,0,0,0,0
2022-01-04T13:00:00+07:00,0,0,0,0,0.03,0,0.0025,0,0,0
2022-01-04T13:20:00+07:00,0,0,0,0,0,0,0,0,0.0075,0.005
2022-01-04T13:40:00+07:00,0,0,0.015,0,0,0,0.0025,0,0.0025,0
2022-01-04T14:00:00+07:00,0,0.005,0,0,0,0,0,0,0,0
2022-01-04T14:20:00+07:00,0,0,0,0,0,0,0.005,0,0.005,0
2022-01-04T14:40:00+07:00,0,0,0,0,0,0,0,0,0.025,0.01
2022-01-04T15:00:00+07:00,0,0,0,0,0.01,0,0,0,0,0.015
2022-01-04T15:20:00+07:00,0,0,0.02,0,0.04,0,0.0775,0,0,0.025
2022-01-04T15:40:00+07:00,0,0,0,0,0,0,0.055,0,0.0275,0
2022-01-04T16:00:00+07:00,0,0.05,0,0,0,0,0.015,0,0.0375,0.04
2022-01-04T16:20:00+07:00,0,0,0,0,0,0,0.02,0,0.005,0.01
2022-01-04T16:40:00+07:00,0,0,0,0.07,0,0,0,0,0,0.03
2022-01-04T17:00:00+07:00,0,0,0,0,0.015,0,0.025,0,0.02,0.005
2022-01-04T17:20:00+07:00,0,0,0,0,0,0,0,0.025,0,0.05
2022-01-04T17:40:00+07:00,0,0,0.015,0,0,0,0,0.015,0,0.005
2022-01-04T18:00:00+07:00,0,0,0.005,0,0.005,0,0,0,0,0.015
2022-01-04T18:20:00+07:00,0,0,0,0,0,0,0.005,0,0,0.025
2022-01-04T18:40:00+07:00,0,0,0,0,0,0.1,0.005,0.0075,0,0
2022-01-04T19:00:00+07:00,0,0,0.025,0,0,0,0.0225,0.07,0.0025,0.015
2022-01-04T19:20:00+07:00,0,0,0.01,0,0,0,0.0025,0,0,0
2022-01-04T19:40:00+07:00,0,0,0,0,0,0,0.0175,0,0.0025,0
2022-01-04T20:00:00+07:00,0,0,0.01,0,0,0,0.0425,0,0,0
2022-01-04T20:20:00+07:00,0,0,0,0,0.005,0,0.02,0,0,0.015
2022-01-04T20:40:00+07:00,0,0,0.04,0,0,0,0,0.0175,0,0.06
2022-01-04T21:00:00+07:00,0,0,0,0,0,0,0,0,0,0
2022-01-04T21:20:00+07:00,0,0,0.055,0.005,0.03,0,0.0025,0,0.02,0
2022-01-04T21:40:00+07:00,0,0,0,0,0,0,0,0,0.0075,0.065
2022-01-04T22:00:00+07:00,0,0,0.005,0,0,0,0.0175,0,0.005,0.025
2022-01-04T22:20:00+07:00,0,0,0,0,0,0,0.0175,0,0,0.005
2022-01-04T22:40:00+07:00,0,0,0,0,0,0,0.015,0.0125,0.0025,0
2022-01-04T23:00:00+07:00,0,0,0.005,0,0,0,0,0,0.0025,0.055
2022-01-04T23:20:00+07:00,0,0,0.005,0,0.035,0,0,0,0,0.02
2022-01-04T23:40:00+07:00,0,0,0,0,0.005,0,0,0,0.0125,0.04
2022-01-05T00:00:00+07:00,0,0,0,0,0,0,0.015,0,0.01,0.015
2022-01-05T00:20:00+07:00,0,0,0.015,0,0.105,0,0,0,0.045,0
2022-01-05T00:40:00+07:00,0,0,0.035,0,0,0,0,0,0,0.035
2022-01-05T01:00:00+07:00,0,0,0,0,0,0.045,0.04,0,0,0
2022-01-05T01:20:00+07:00,0,0,0.02,0,0,0.005,0.0425,0,0.0175,0
2022-01-05T01:40:00+07:00,0.001666667,0,0,0,0.02,0,0,0,0.0275,0.075
2022-01-05T02:00:00+07:00,0,0,0.01,0,0,0,0.0125,0.0375,0.035,0.015
2022-01-05T02:20:00+07:00,0,0,0,0,0,0,0.01,0,0,0.02
2022-01-05T02:40:00+07:00,0,0,0,0.005,0,0,0,0,0,0
2022-01-05T03:00:00+07:00,0,0,0,0,0,0,0.015,0.0075,0.0025,0.005
2022-01-05T03:20:00+07:00,0,0,0,0,0.03,0,0.0125,0.065,0.0075,0
2022-01-05T03:40:00+07:00,0,0,0,0,0,0,0,0,0,0.02
2022-01-05T04:00:00+07:00,0,0,0,0,0,0,0.0075,0.005,0,0
2022-01-05T04:20:00+07:00,0,0,0.03,0,0,0,0.0175,0,0,0
2022-01-05T04:40:00+07:00,0,0,0,0.005,0,0,0.0275,0,0.0025,0.04
2022-01-05T05:00:00+07:00,0,0,0,0,0,0,0,0,0,0.045
2022-01-05T05:20:00+07:00,0,0,0,0,0.015,0,0,0,0,0
2022-01-05T05:40:00+07:00,0,0,0,0.015,0,0,0.0025,0,0.015,0.01
2022-01-05T06:00:00+07:00,0,0,0.02,0,0,0,0,0.0025,0.01,0.02
2022-01-05T06:20:00+07:00,0,0,0.095,0,0.005,0,0.015,0,0,0.02
2022-01-05T06:40:00+07:00,0,0,0,0,0,0,0,0.025,0.005,0.085
2022-01-05T07:00:00+07:00,0,0.03,0,0,0.005,0,0,0,0.01,0.005
2022-01-05T07:20:00+07:00,0,0,0,0,0.015,0,0.0175,0,0.0175,0.035
2022-01-05T07:40:00+07:00,0,0,0.035,0,0,0,0.005,0,0,0.015
2022-01-05T08:00:00+07:00,0,0,0,0,0,0,0.015,0,0,0.035
2022-01-05T08:20:00+07:00,0,0,0,0,0,0,0,0.005,0.09,0
2022-01-05T08:40:00+07:00,0,0,0,0.005,0,0,0.025,0.015,0,0.005
2022-01-05T09:00:00+07:00,0,0,0,0,0,0,0.01,0.0175,0,0
2022-01-05T09:20:00+07:00,0,0,0,0,0,0,0.005,0.0025,0,0
2022-01-05T09:40:00+07:00,0,0,0,0,0,0,0.0625,0.005,0,0
2022-01-05T10:00:00+07:00,0,0,0.005,0,0.02,0,0,0,0,0.01
2022-01-05T10:20:00+07:00,0,0,0,0,0,0,0,0.02,0.0075,0.01
2022-01-05T10:40:00+07:00,0,0,0.04,0,0.02,0,0,0.0225,0,0.115
2022-01-05T11:00:00+07:00,0,0,0,0,0,0,0.015,0,0.025,0.015
2022-01-05T11:20:00+07:00,0,0,0,0,0,0,0.0225,0.0225,0.015,0
2022-01-05T11:40:00+07:00,0.026666667,0,0.035,0,0,0,0.0175,0.0525,0,0
2022-01-05T12:00:00+07:00,0,0,0,0,0,0,0,0.0175,0,0
2022-01-05T12:20:00+07:00,0,0,0,0,0,0,0.005,0,0,0.01
2022-01-05T12:40:00+07:00,0,0,0,0,0.01,0,0.025,0.04,0.015,0.005
2022-01-05T13:00:00+07:00,0,0,0,0,0,0,0.035,0,0.0175,0.01
2022-01-05T13:20:00+07:00,0,0,0,0,0,0,0.005,0,0.005,0.02
2022-01-05T13:40:00+07:00,0,0,0,0,0,0,0,0,0.005,0
2022-01-05T14:00:00+07:00,0,0,0,0,0,0,0,0,0,0
2022-01-05T14:20:00+07:00,0,0,0,0,0,0,0,0,0.005,0.01
2022-01-05T14:40:00+07:00,0,0,0,0,0,0,0,0,0.005,0
2022-01-05T15:00:00+07:00,0,0.005,0,0,0,0,0,0,0,0.09
2022-01-05T15:20:00+07:00,0,0,0,0,0.02,0,0,0.0075,0.0025,0.005
2022-01-05T15:40:00+07:00,0,0,0.005,0,0,0,0.0125,0.0075,0.01,0
2022-01-05T16:00:00+07:00,0.015,0,0,0,0,0,0.0325,0.0025,0.0025,0.015
2022-01-05T16:20:00+07:00,0,0,0.035,0,0,0,0,0,0,0.01
2022-01-05T16:40:00+07:00,0,0,0,0.015,0,0,0.0375,0,0,0.01
2022-01-05T17:00:00+07:00,0,0,0.02,0,0,0,0.005,0,0,0.02
2022-01-05T17:20:00+07:00,0,0,0,0,0.005,0,0.0125,0,0,0.005
2022-01-05T17:40:00+07:00,0.011666667,0,0,0,0,0,0.02,0,0.015,0.03
2022-01-05T18:00:00+07:00,0,0,0,0,0.015,0,0.0325,0,0.0175,0.05
2022-01-05T18:20:00+07:00,0,0,0,0,0,0,0.005,0,0,0
2022-01-05T18:40:00+07:00,0.001666667,0,0,0,0.02,0,0.0025,0.01,0,0
2022-01-05T19:00:00+07:00,0,0,0.025,0,0,0,0,0.0125,0,0.005
2022-01-05T19:20:00+07:00,0,0,0,0,0.085,0,0,0.0225,0.015,0
2022-01-05T19:40:00+07:00,0,0,0,0,0,0,0.02,0.0075,0,0.045
2022-01-05T20:00:00+07:00,0,0,0,0,0,0,0.04,0.04,0.0025,0.005
2022-01-05T20:20:00+07:00,0,0,0.005,0,0,0.035,0,0,0.015,0
2022-01-05T20:40:00+07:00,0,0,0,0,0,0,0.005,0,0,0
2022-01-05T21:00:00+07:00,0,0,0,0,0,0,0,0,0,0
2022-01-05T21:20:00+07:00,0,0,0.035,0,0,0,0.03,0,0.01,0.03
2022-01-05T21:40:00+07:00,0,0,0.015,0,0,0,0.01,0,0,0.025
2022-01-05T22:00:00+07:00,0,0,0,0,0,0,0.01,0,0.01,0.02
2022-01-05T22:20:00+07:00,0,0,0,0,0,0,0,0,0,0.01
2022-01-05T22:40:00+07:00,0,0,0,0,0,0,0,0,0.01,0.025
2022-01-05T23:00:00+07:00,0,0.02,0,0,0.04,0,0,0.01,0,0
2022-01-05T23:20:00+07:00,0,0,0.005,0,0,0,0,0.005,0,0
2022-01-05T23:40:00+07:00,0,0,0.025,0,0.035,0,0,0,0.005,0.035
2022-01-06T00:00:00+07:00,0,0,0,0,0,0,0,0,0.0025,0.02
2022-01-06T00:20:00+07:00,0,0,0,0,0,0,0.005,0,0.01,0
2022-01-06T00:40:00+07:00,0,0,0,0,0,0,0,0.0025,0,0.025
2022-01-06T01:00:00+07:00,0,0,0,0,0,0,0.0375,0,0,0.055
2022-01-06T01:20:00+07:00,0,0,0.03,0,0,0,0,0.005,0,0
2022-01-06T01:40:00+07:00,0,0,0,0,0,0,0.0075,0,0,0
2022-01-06T02:00:00+07:00,0.001666667,0,0,0,0,0,0.0225,0.015,0,0
2022-01-06T02:20:00+07:00,0,0.01,0,0,0,0,0.0725,0.0025,0.005,0.035
2022-01-06T02:40:00+07:00,0,0,0.01,0.03,0,0,0.015,0.0425,0,0.005
2022-01-06T03:00:00+07:00,0,0,0,0,0,0.03,0,0.0225,0.0075,0.005
2022-01-06T03:20:00+07:00,0,0,0.015,0,0.005,0,0,0,0.02,0
2022-01-06T03:40:00+07:00,0,0,0,0.005,0,0,0,0,0.0075,0.02
2022-01-06T04:00:00+07:00,0.001666667,0,0,0,0,0,0.0075,0.0375,0.0125,0.01
2022-01-06T04:20:00+07:00,0,0,0,0,0,0,0.02,0.045,0,0.025
2022-01-06T04:40:00+07:00,0,0,0,0,0,0,0,0.005,0,0
2022-01-06T05:00:00+07:00,0,0,0,0,0,0,0.0025,0,0,0.02
2022-01-06T05:20:00+07:00,0,0,0.04,0,0,0,0,0.005,0,0.005
2022-01-06T05:40:00+07:00,0,0,0,0,0,0,0.0525,0.01,0,0
2022-01-06T06:00:00+07:00,0,0,0,0,0.03,0,0.015,0.0025,0.08,0.05
2022-01-06T06:20:00+07:00,0,0,0,0,0,0.005,0,0,0,0
2022-01-06T06:40:00+07:00,0,0,0,0,0,0,0.0175,0.005,0.005,0
2022-01-06T07:00:00+07:00,0,0,0,0,0,0,0,0,0.01,0.075
2022-01-06T07:20:00+07:00,0,0,0,0,0.005,0,0.0025,0.005,0,0
2022-01-06T07:40:00+07:00,0,0,0,0,0,0,0.0025,0,0,0
2022-01-06T08:00:00+07:00,0,0,0,0,0,0,0,0,0.005,0
2022-01-06T08:20:00+07:00,0,0,0.005,0,0,0,0,0,0.005,0
2022-01-06T08:40:00+07:00,0,0,0,0,0,0,0.0125,0,0,0.035
2022-01-06T09:00:00+07:00,0,0,0.02,0,0,0,0.005,0,0,0.075
2022-01-06T09:20:00+07:00,0,0,0,0,0.005,0,0.0075,0.03,0.0175,0
2022-01-06T09:40:00+07:00,0.005,0,0,0,0,0,0,0,0.0175,0
2022-01-06T10:00:00+07:00,0,0,0,0,0,0,0.0625,0.0025,0,0.005
2022-01-06T10:20:00+07:00,0,0,0,0.105,0,0,0.025,0.0025,0.005,0.045
2022-01-06T10:40:00+07:00,0,0,0,0,0,0,0.04,0,0,0.06
2022-01-06T11:00:00+07:00,0,0,0,0,0,0,0,0,0,0.16
2022-01-06T11:20:00+07:00,0,0.005,0,0,0,0,0,0.02,0,0.03
2022-01-06T11:40:00+07:00,0,0,0,0,0,0,0,0,0,0.03
2022-01-06T12:00:00+07:00,0,0,0,0,0,0,0.01,0,0.0125,0.02
2022-01-06T12:20:00+07:00,0.003333333,0,0.025,0,0,0.025,0.0175,0.0125,0,0.025
2022-01-06T12:40:00+07:00,0.003333333,0,0.005,0,0,0,0.035,0.0675,0.01,0
2022-01-06T13:00:00+07:00,0,0.03,0,0,0,0,0,0,0.0025,0.01
2022-01-06T13:20:00+07:00,0,0,0.005,0,0,0,0,0,0,0
2022-01-06T13:40:00+07:00,0,0,0,0,0.06,0,0.035,0,0.0175,0.015
2022-01-06T14:00:00+07:00,0,0,0,0,0,0,0.015,0.02,0.005,0.03
2022-01-06T14:20:00+07:00,0,0,0,0,0,0,0.005,0.0025,0,0
2022-01-06T14:40:00+07:00,0,0,0,0,0.01,0,0.0025,0,0,0.06
2022-01-06T15:00:00+07:00,0,0,0,0,0.015,0,0,0,0,0.025
2022-01-06T15:20:00+07:00,0,0,0.01,0,0.01,0,0,0,0.045,0.01
2022-01-06T15:40:00+07:00,0,0,0,0,0,0,0.005,0.0025,0.0125,0.015
2022-01-06T16:00:00+07:00,0,0,0.005,0,0,0,0,0,0,0
2022-01-06T16:20:00+07:00,0,0,0.015,0,0,0,0,0,0.0175,0
2022-01-06T16:40:00+07:00,0,0,0.005,0,0,0,0.055,0,0.005,0.045
2022-01-06T17:00:00+07:00,0,0,0,0,0,0.01,0,0.0075,0,0.025
2022-01-06T17:20:00+07:00,0,0,0,0.005,0.01,0,0,0,0.04,0.065
2022-01-06T17:40:00+07:00,0,0,0.005,0,0,0,0.0075,0.0025,0.0325,0
2022-01-06T18:00:00+07:00,0,0,0,0,0.015,0,0.0025,0,0.01,0.04
2022-01-06T18:20:00+07:00,0,0,0,0,0,0,0,0.0025,0.005,0.035
2022-01-06T18:40:00+07:00,0.001666667,0,0,0,0,0.12,0,0,0.02,0.005
2022-01-06T19:00:00+07:00,0.003333333,0,0.04,0,0,0,0.02,0,0.02,0.03
2022-01-06T19:20:00+07:00,0,0,0,0.02,0.015,0.005,0,0.0325,0,0
2022-01-06T19:40:00+07:00,0,0,0,0,0,0,0,0.0275,0,0
2022-01-06T20:00:00+07:00,0,0,0.02,0,0,0,0,0,0,0.01
2022-01-06T20:20:00+07:00,0,0,0,0,0,0,0,0,0.0075,0
2022-01-06T20:40:00+07:00,0,0,0,0,0.02,0,0.01,0.0125,0,0.085
2022-01-06T21:00:00+07:00,0,0,0,0,0,0,0.04,0.045,0.025,0.04
2022-01-06T21:20:00+07:00,0,0,0,0,0,0,0.01,0,0,0
2022-01-06T21:40:00+07:00,0,0,0.01,0,0,0,0,0,0,0
2022-01-06T22:00:00+07:00,0,0,0,0,0,0,0,0,0,0
2022-01-06T22:20:00+07:00,0.003333333,0,0,0,0,0,0.045,0.015,0,0.01
2022-01-06T22:40:00+07:00,0,0,0.02,0,0,0,0.0075,0.01,0,0.04
2022-01-06T23:00:00+07:00,0.003333333,0,0.03,0,0,0,0,0,0,0.01
2022-01-06T23:20:00+07:00,0,0,0,0,0,0,0.0025,0,0.0175,0.01
2022-01-06T23:40:00+07:00,0,0,0,0,0,0,0,0,0.0175,0.02
2022-01-07T00:00:00+07:00,0,0,0.08,0,0,0,0,0,0,0.02
2022-01-07T00:20:00+07:00,0,0,0,0,0,0,0.005,0,0.0025,0.015
2022-01-07T00:40:00+07:00,0,0,0,0,0,0,0.0225,0,0.005,0.01
2022-01-07T01:00:00+07:00,0,0,0.01,0,0.03,0,0,0,0.0025,0.06
2022-01-07T01:20:00+07:00,0,0,0.01,0,0.005,0,0.005,0,0.02,0.005
2022-01-07T01:40:00+07:00,0,0,0,0.005,0,0,0,0,0.0075,0
2022-01-07T02:00:00+07:00,0,0,0.005,0,0,0,0.005,0.0125,0,0.01
2022-01-07T02:20:00+07:00,0.001666667,0,0,0.035,0,0,0.0125,0,0.0325,0
2022-01-07T02:40:00+07:00,0,0,0,0,0,0,0,0.0025,0,0.04
2022-01-07T03:00:00+07:00,0,0,0,0.025,0,0,0,0.005,0,0
2022-01-07T03:20:00+07:00,0.006666667,0,0,0,0,0,0.0175,0.005,0.0025,0.09
2022-01-07T03:40:00+07:00,0,0,0,0,0,0,0.03,0.01,0,0.03
2022-01-07T04:00:00+07:00,0,0,0,0,0,0,0.0075,0.0375,0,0
2022-01-07T04:20:00+07:00,0,0,0,0,0,0,0,0,0.0075,0.13
2022-01-07T04:40:00+07:00,0,0,0,0,0.005,0,0.0025,0,0,0.025
2022-01-07T05:00:00+07:00,0,0,0,0,0,0,0.015,0.0125,0.0025,0
2022-01-07T05:20:00+07:00,0.043333333,0,0,0,0,0,0.04,0.015,0,0
2022-01-07T05:40:00+07:00,0,0,0,0,0,0,0,0.0175,0,0
2022-01-07T06:00:00+07:00,0,0,0.015,0,0,0,0.005,0.0325,0.0175,0.005
2022-01-07T06:20:00+07:00,0,0,0,0,0,0,0.0025,0,0,0.005
2022-01-07T06:40:00+07:00,0.003333333,0,0,0.005,0.02,0,0.0225,0,0,0.03
2022-01-07T07:00:00+07:00,0,0,0.005,0.035,0.035,0,0,0.005,0,0.03
2022-01-07T07:20:00+07:00,0,0,0,0,0,0,0.03,0,0,0.005
2022-01-07T07:40:00+07:00,0,0,0,0,0,0,0,0.0175,0.0475,0.025
2022-01-07T08:00:00+07:00,0,0,0,0,0,0,0.0125,0.0025,0.0175,0
2022-01-07T08:20:00+07:00,0,0,0,0,0,0,0,0,0,0
2022-01-07T08:40:00+07:00,0,0,0,0,0,0,0,0,0.005,0.02
2022-01-07T09:00:00+07:00,0,0,0,0.025,0,0,0.02,0,0.005,0.005
2022-01-07T09:20:00+07:00,0,0,0,0,0,0,0,0.0025,0.005,0.01
2022-01-07T09:40:00+07:00,0,0,0.015,0,0.025,0.01,0,0.0075,0.0025,0.005
2022-01-07T10:00:00+07:00,0,0,0,0,0.015,0,0,0,0.0125,0.01
2022-01-07T10:20:00+07:00,0,0,0,0,0,0.005,0,0.0025,0.0025,0.02
2022-01-07T10:40:00+07:00,0,0,0,0,0,0,0.0475,0.0075,0,0.02
2022-01-07T11:00:00+07:00,0,0.015,0,0,0.025,0,0,0,0,0.06
2022-01-07T11:20:00+07:00,0,0,0.01,0,0,0.01,0,0,0,0.01
2022-01-07T11:40:00+07:00,0,0,0,0,0,0,0.01,0.005,0.005,0.01
2022-01-07T12:00:00+07:00,0,0,0,0,0,0,0.0125,0.0025,0,0.08
2022-01-07T12:20:00+07:00,0.001666667,0,0,0,0,0,0.015,0.06,0,0
2022-01-07T12:40:00+07:00,0,0,0.02,0,0,0,0.005,0,0,0.075
2022-01-07T13:00:00+07:00,0,0,0,0,0,0,0,0.0025,0,0
2022-01-07T13:20:00+07:00,0,0,0,0,0,0,0.0075,0.025,0,0.04
2022-01-07T13:40:00+07:00,0,0,0,0,0,0,0.0325,0.015,0,0.035
2022-01-07T14:00:00+07:00,0,0,0.005,0,0,0,0.01,0,0.0075,0.035
2022-01-07T14:20:00+07:00,0,0,0,0,0,0,0,0.0375,0,0.005
2022-01-07T14:40:00+07:00,0,0,0,0,0,0.025,0,0.025,0,0.005
2022-01-07T15:00:00+07:00,0,0,0,0,0,0,0.0275,0.0025,0.0025,0.03
2022-01-07T15:20:00+07:00,0,0,0,0,0,0,0,0,0,0.04
2022-01-07T15:40:00+07:00,0,0,0,0.01,0.055,0,0.0125,0,0,0.005
2022-01-07T16:00:00+07:00,0,0,0,0,0,0,0.005,0,0,0
2022-01-07T16:20:00+07:00,0,0,0,0,0,0,0,0,0.025,0.04
2022-01-07T16:40:00+07:00,0,0.015,0,0,0,0,0.0125,0,0,0.02
2022-01-07T17:00:00+07:00,0,0,0,0,0.04,0,0,0.01,0,0.03
2022-01-07T17:20:00+07:00,0.001666667,0,0,0,0.015,0,0.015,0,0.0075,0
2022-01-07T17:40:00+07:00,0,0,0.025,0,0,0,0.0075,0.0375,0.005,0.035
2022-01-07T18:00:00+07:00,0,0,0.03,0,0,0,0,0,0,0
2022-01-07T18:20:00+07:00,0,0,0,0,0,0,0.0475,0,0,0
2022-01-07T18:40:00+07:00,0,0,0,0,0,0.005,0,0,0,0
2022-01-07T19:00:00+07:00,0,0,0,0,0,0,0,0,0,0
2022-01-07T19:20:00+07:00,0,0,0,0,0,0,0,0.04,0.005,0.025
2022-01-07T19:40:00+07:00,0,0,0,0,0,0,0,0.0025,0,0.04
2022-01-07T20:00:00+07:00,0,0,0.045,0,0,0,0,0,0,0.035
2022-01-07T20:20:00+07:00,0,0,0.03,0,0.02,0,0.015,0.0175,0,0.005
2022-01-07T20:40:00+07:00,0,0,0.02,0,0,0,0.0025,0.03,0,0
2022-01-07T21:00:00+07:00,0,0,0.065,0,0,0,0,0.0025,0,0.02
2022-01-07T21:20:00+07:00,0,0,0,0,0,0,0.0125,0,0,0
2022-01-07T21:40:00+07:00,0,0,0,0,0,0,0.02,0.0225,0.005,0
2022-01-07T22:00:00+07:00,0,0,0,0,0,0,0.03,0.02,0.0025,0
2022-01-07T22:20:00+07:00,0,0,0,0,0,0,0.0525,0,0.005,0.005
2022-01-07T22:40:00+07:00,0,0,0,0,0,0,0,0.0275,0.005,0.035
2022-01-07T23:00:00+07:00,0,0,0,0,0,0,0,0,0,0.05
2022-01-07T23:20:00+07:00,0,0,0,0,0.005,0,0.03,0,0.0025,0.005
2022-01-07T23:40:00+07:00,0,0,0,0,0,0,0,0,0.0525,0.075
2022-01-08T00:00:00+07:00,0,0,0,0,0,0,0,0,0.0175,0.005
2022-01-08T00:20:00+07:00,0,0,0,0,0,0,0.0025,0.02,0.0025,0.12
2022-01-08T00:40:00+07:00,0,0,0,0,0,0,0.005,0,0.015,0.02
2022-01-08T01:00:00+07:00,0,0,0,0,0,0,0.0075,0,0,0.02
2022-01-08T01:20:00+07:00,0,0.035,0,0,0,0,0,0,0.0025,0.015
2022-01-08T01:40:00+07:00,0,0,0,0,0,0,0,0,0.02,0.015
2022-01-08T02:00:00+07:00,0,0,0.02,0,0,0,0,0,0.035,0.02
2022-01-08T02:20:00+07:00,0,0,0.035,0.04,0,0,0.0025,0,0.005,0
2022-01-08T02:40:00+07:00,0,0,0,0,0.025,0,0.02,0,0,0.03
2022-01-08T03:00:00+07:00,0,0,0,0,0.005,0,0.015,0,0.0175,0
2022-01-08T03:20:00+07:00,0,0,0.01,0,0,0,0,0,0.025,0
2022-01-08T03:40:00+07:00,0,0,0.005,0,0,0,0,0.015,0,0.53
2022-01-08T04:00:00+07:00,0,0,0,0,0,0,0.0025,0,0.0075,0
2022-01-08T04:20:00+07:00,0,0,0,0,0,0,0,0,0,0
2022-01-08T04:40:00+07:00,0,0,0.005,0,0,0,0,0,0.0025,0.04
2022-01-08T05:00:00+07:00,0,0,0.02,0,0,0,0.0075,0.025,0,0
2022-01-08T05:20:00+07:00,0,0,0,0,0,0,0,0,0,0
2022-01-08T05:40:00+07:00,0,0,0,0,0,0,0,0,0.005,0
2022-01-08T06:00:00+07:00,0,0.035,0.02,0,0,0,0.0075,0.02,0,0
2022-01-08T06:20:00+07:00,0,0,0,0,0,0,0.025,0.0175,0.0025,0.005
2022-01-08T06:40:00+07:00,0,0,0.01,0,0,0,0,0.0025,0.005,0.005
2022-01-08T07:00:00+07:00,0,0,0.02,0,0.02,0,0.0175,0.0025,0.0025,0.005
2022-01-08T07:20:00+07:00,0,0,0,0,0,0,0,0,0.0025,0.04
2022-01-08T07:40:00+07:00,0,0,0.035,0,0,0,0,0.02,0,0.045
2022-01-08T08:00:00+07:00,0,0,0.01,0,0,0,0,0.0175,0.0125,0.12
2022-01-08T08:20:00+07:00,0,0,0,0,0,0,0.025,0,0,0.015
2022-01-08T08:40:00+07:00,0,0,0,0,0,0,0.03,0.005,0,0.01
2022-01-08T09:00:00+07:00,0,0,0,0,0,0,0,0.0025,0.0325,0.045
2022-01-08T09:20:00+07:00,0,0.005,0.01,0,0,0,0.01,0.04,0,0
2022-01-08T09:40:00+07:00,0,0,0,0,0,0,0,0,0,0
2022-01-08T10:00:00+07:00,0,0.01,0,0,0,0,0,0,0.02,0.04
2022-01-08T10:20:00+07:00,0,0,0,0,0,0,0,0.01,0.005,0
2022-01-08T10:40:00+07:00,0,0,0,0,0.005,0,0.005,0,0,0.01
2022-01-08T11:00:00+07:00,0,0.005,0.005,0.005,0.05,0,0.01,0,0.005,0.045
2022-01-08T11:20:00+07:00,0,0,0,0,0,0,0.0025,0,0,0.02
2022-01-08T11:40:00+07:00,0,0,0,0,0,0,0,0.0025,0.0025,0
2022-01-08T12:00:00+07:00,0,0,0.005,0,0,0,0,0,0,0.005
2022-01-08T12:20:00+07:00,0,0,0,0,0,0.12,0.0075,0.0075,0,0.005
2022-01-08T12:40:00+07:00,0,0,0,0,0,0,0,0.0075,0.0175,0
2022-01-08T13:00:00+07:00,0,0,0,0,0.04,0.035,0.005,0,0.015,0.035
2022-01-08T13:20:00+07:00,0,0,0,0,0,0,0,0.025,0.0075,0
2022-01-08T13:40:00+07:00,0,0,0.065,0,0,0,0,0,0,0.01
2022-01-08T14:00:00+07:00,0,0.01,0,0,0,0,0,0,0,0
2022-01-08T14:20:00+07:00,0,0,0,0.005,0,0.025,0.015,0.02,0,0.005
2022-01-08T14:40:00+07:00,0,0,0,0,0,0,0.0375,0.035,0.0175,0.05
2022-01-08T15:00:00+07:00,0,0,0,0,0,0,0.0025,0.0025,0,0
2022-01-08T15:20:00+07:00,0,0,0,0,0,0,0.005,0,0.0025,0
2022-01-08T15:40:00+07:00,0.001666667,0,0,0,0,0,0,0,0,0.025
2022-01-08T16:00:00+07:00,0,0.005,0,0,0,0,0.01,0,0,0
2022-01-08T16:20:00+07:00,0,0,0,0,0,0,0,0.0075,0,0.055
2022-01-08T16:40:00+07:00,0,0,0,0,0,0,0,0,0,0.06
2022-01-08T17:00:00+07:00,0,0.015,0.015,0,0,0,0,0.005,0.0025,0.01
2022-01-08T17:20:00+07:00,0,0,0,0,0,0,0,0,0.025,0
2022-01-08T17:40:00+07:00,0,0,0,0,0.005,0,0.0075,0,0,0.035
2022-01-08T18:00:00+07:00,0,0,0,0,0,0,0,0.005,0.01,0.04
2022-01-08T18:20:00+07:00,0,0,0,0,0.005,0,0,0,0.0275,0
2022-01-08T18:40:00+07:00,0,0,0,0,0.04,0,0,0,0.01,0.04
2022-01-08T19:00:00+07:00,0,0,0,0,0.005,0,0.005,0,0,0.02
2022-01-08T19:20:00+07:00,0,0.005,0,0,0,0,0.04,0.0275,0.01,0.04
2022-01-08T19:40:00+07:00,0,0,0,0,0,0.005,0.0125,0.015,0.02,0
2022-01-08T20:00:00+07:00,0,0,0,0,0,0,0.0025,0,0,0
2022-01-08T20:20:00+07:00,0,0,0,0,0,0,0.0125,0,0,0.005
2022-01-08T20:40:00+07:00,0,0,0,0,0,0,0,0.0025,0,0.035
2022-01-08T21:00:00+07:00,0,0,0.01,0,0,0.01,0.0425,0,0,0.005
2022-01-08T21:20:00+07:00,0,0,0.005,0,0.035,0,0,0.0125,0,0.005
2022-01-08T21:40:00+07:00,0,0,0,0,0,0,0,0.0375,0,0.055
2022-01-08T22:00:00+07:00,0,0.06,0.07,0,0,0.01,0.0225,0,0,0.08
2022-01-08T22:20:00+07:00,0,0,0,0,0,0,0,0.0025,0,0.03
2022-01-08T22:40:00+07:00,0,0,0,0,0,0,0.02,0.025,0.0025,0
2022-01-08T23:00:00+07:00,0,0,0.015,0,0,0,0.02,0.015,0.015,0
2022-01-08T23:20:00+07:00,0,0,0.01,0,0.005,0,0.0025,0.045,0,0.025
2022-01-08T23:40:00+07:00,0,0,0,0,0,0,0,0.0075,0.0025,0.01
2022-01-09T00:00:00+07:00,0,0,0,0,0,0,0,0,0,0
2022-01-09T00:20:00+07:00,0,0,0,0,0.01,0,0.0025,0,0,0.04
2022-01-09T00:40:00+07:00,0,0,0.015,0,0,0,0.025,0,0,0.01
2022-01-09T01:00:00+07:00,0,0,0,0,0,0,0.01,0.005,0,0.01
2022-01-09T01:20:00+07:00,0,0,0,0,0.015,0,0,0,0.015,0.015
2022-01-09T01:40:00+07:00,0,0,0,0,0.025,0,0.045,0,0.035,0.01
2022-01-09T02:00:00+07:00,0,0,0,0,0,0,0.005,0,0,0.01
2022-01-09T02:20:00+07:00,0,0,0,0,0.015,0,0.0175,0,0,0.06
2022-01-09T02:40:00+07:00,0,0,0,0,0,0,0.0175,0.055,0.0125,0.01
2022-01-09T03:00:00+07:00,0.01,0.005,0.015,0,0.035,0,0.0025,0,0.01,0.01
2022-01-09T03:20:00+07:00,0,0,0.02,0,0.015,0.02,0.015,0.0075,0,0
2022-01-09T03:40:00+07:00,0,0,0.015,0,0,0,0,0,0,0
2022-01-09T04:00:00+07:00,0,0,0,0,0,0,0,0,0,0.025
2022-01-09T04:20:00+07:00,0,0,0,0,0,0,0.045,0,0.025,0
2022-01-09T04:40:00+07:00,0,0,0,0,0,0,0.01,0,0,0.04
2022-01-09T05:00:00+07:00,0,0,0,0,0,0,0,0,0.0025,0.005
2022-01-09T05:20:00+07:00,0,0,0,0,0,0,0,0,0.0025,0.085
2022-01-09T05:40:00+07:00,0,0,0.005,0,0,0,0,0.005,0,0
2022-01-09T06:00:00+07:00,0.001666667,0,0,0,0,0,0.0075,0.0325,0.0075,0.02
2022-01-09T06:20:00+07:00,0,0,0.075,0,0,0,0,0,0,0.025
2022-01-09T06:40:00+07:00,0,0,0.01,0,0,0,0,0,0.0175,0.035
2022-01-09T07:00:00+07:00,0,0,0,0,0,0,0.0225,0.025,0.0025,0.015
2022-01-09T07:20:00+07:00,0,0,0,0,0,0,0.04,0,0,0.03
2022-01-09T07:40:00+07:00,0,0,0,0,0,0,0.0075,0,0.01,0.04
2022-01-09T08:00:00+07:00,0,0,0,0,0,0,0,0,0,0.01
2022-01-09T08:20:00+07:00,0,0,0,0,0,0,0,0,0.015,0.005
2022-01-09T08:40:00+07:00,0.001666667,0.035,0,0,0,0,0.005,0.005,0,0
2022-01-09T09:00:00+07:00,0,0,0,0,0,0,0.0025,0.005,0,0.035
2022-01-09T09:20:00+07:00,0.001666667,0,0.015,0,0.005,0,0.0325,0,0,0
2022-01-09T09:40:00+07:00,0,0,0,0,0,0,0,0,0,0.01
2022-01-09T10:00:00+07:00,0,0,0,0,0,0,0.005,0,0.0225,0
2022-01-09T10:20:00+07:00,0,0.03,0.005,0,0,0.01,0,0,0,0.025
2022-01-09T10:40:00+07:00,0,0,0,0,0,0,0.025,0.0175,0,0
2022-01-09T11:00:00+07:00,0,0,0,0,0.005,0,0,0.0125,0.035,0
2022-01-09T11:20:00+07:00,0,0,0,0,0,0,0.0375,0,0.0075,0.005
2022-01-09T11:40:00+07:00,0,0,0,0,0,0,0,0,0,0.075
2022-01-09T12:00:00+07:00,0,0.025,0,0,0,0,0,0,0,0.02
2022-01-09T12:20:00+07:00,0,0,0,0,0,0,0,0,0.0075,0
2022-01-09T12:40:00+07:00,0,0,0.03,0,0,0,0,0,0,0.005
2022-01-09T13:00:00+07:00,0,0,0,0,0,0,0,0,0,0
2022-01-09T13:20:00+07:00,0,0,0,0,0,0,0,0.0075,0,0.005
2022-01-09T13:40:00+07:00,0,0,0,0,0,0,0.01,0.0025,0,0.055
2022-01-09T14:00:00+07:00,0,0,0.03,0,0.01,0,0,0.0075,0,0.005
2022-01-09T14:20:00+07:00,0,0,0,0,0.025,0,0.0075,0.04,0,0.03
2022-01-09T14:40:00+07:00,0,0,0,0,0,0,0,0.0125,0,0
2022-01-09T15:00:00+07:00,0,0,0.015,0.005,0,0,0,0,0.005,0.015
2022-01-09T15:20:00+07:00,0,0,0,0,0,0,0.015,0.0325,0.005,0.05
2022-01-09T15:40:00+07:00,0,0,0.005,0,0,0,0.0025,0,0,0.015
2022-01-09T16:00:00+07:00,0,0,0,0,0,0,0,0,0,0.005
2022-01-09T16:20:00+07:00,0,0,0,0,0,0.015,0,0,0,0.065
2022-01-09T16:40:00+07:00,0,0.02,0,0,0,0,0,0,0,0.04
2022-01-09T17:00:00+07:00,0.003333333,0,0,0,0,0,0.045,0.0225,0.01,0
2022-01-09T17:20:00+07:00,0,0,0,0,0,0.01,0,0,0,0.03
2022-01-09T17:40:00+07:00,0,0,0,0,0,0,0,0,0.0025,0.025
2022-01-09T18:00:00+07:00,0,0,0,0.015,0,0,0,0,0.015,0.065
2022-01-09T18:20:00+07:00,0,0,0,0.015,0,0,0.0175,0,0.0275,0.015
2022-01-09T18:40:00+07:00,0.003333333,0,0.01,0,0.005,0,0.0025,0.05,0,0
2022-01-09T19:00:00+07:00,0,0,0,0,0,0,0,0,0,0.005
2022-01-09T19:20:00+07:00,0,0,0,0,0,0,0,0,0.01,0
2022-01-09T19:40:00+07:00,0,0,0,0,0,0,0,0,0.0125,0.035
2022-01-09T20:00:00+07:00,0,0.03,0,0,0,0,0,0,0.005,0
2022-01-09T20:20:00+07:00,0,0,0,0,0,0,0,0,0.005,0
2022-01-09T20:40:00+07:00,0,0,0,0,0,0,0.0025,0,0,0.01
2022-01-09T21:00:00+07:00,0,0,0,0,0,0,0,0,0,0
2022-01-09T21:20:00+07:00,0,0,0,0,0,0,0.02,0.0025,0.0025,0.04
2022-01-09T21:40:00+07:00,0.001666667,0,0,0,0,0,0,0,0.015,0.005
2022-01-09T22:00:00+07:00,0,0,0,0,0.005,0,0,0,0,0.05
2022-01-09T22:20:00+07:00,0,0,0,0,0,0,0.0125,0,0,0.03
2022-01-09T22:40:00+07:00,0,0,0,0.01,0,0,0.0475,0.0525,0,0
2022-01-09T23:00:00+07:00,0,0,0,0,0,0,0,0,0.0125,0.005
2022-01-09T23:20:00+07:00,0,0,0,0,0,0,0,0,0,0
2022-01-09T23:40:00+07:00,0,0,0.015,0,0.005,0,0.0275,0.04,0.0075,0
2022-01-10T00:00:00+07:00,0,0,0.005,0.03,0,0,0.005,0,0,0
2022-01-10T00:20:00+07:00,0,0,0.02,0,0,0,0,0,0.005,0.035
2022-01-10T00:40:00+07:00,0,0,0,0,0,0,0,0,0,0.015
2022-01-10T01:00:00+07:00,0,0.045,0.03,0,0,0,0.1075,0.005,0,0
2022-01-10T01:20:00+07:00,0,0,0,0,0,0,0.0075,0,0,0
2022-01-10T01:40:00+07:00,0,0,0,0,0,0,0,0.0175,0,0.025
2022-01-10T02:00:00+07:00,0,0,0.005,0,0,0,0.005,0,0,0.01
2022-01-10T02:20:00+07:00,0,0,0,0,0.025,0,0.0025,0,0,0.035
2022-01-10T02:40:00+07:00,0,0,0,0,0,0,0,0,0.06,0
2022-01-10T03:00:00+07:00,0,0,0,0,0,0,0.0075,0.005,0,0.01
2022-01-10T03:20:00+07:00,0,0.01,0.01,0,0,0,0,0,0,0.02
2022-01-10T03:40:00+07:00,0,0,0,0,0,0,0.0025,0,0.0175,0
2022-01-10T04:00:00+07:00,0,0,0,0,0,0,0,0,0.01,0.025
2022-01-10T04:20:00+07:00,0,0,0.025,0,0.04,0,0,0,0,0.025
2022-01-10T04:40:00+07:00,0,0,0,0.005,0,0,0.035,0,0.005,0.01
2022-01-10T05:00:00+07:00,0,0,0.025,0,0,0,0.0025,0,0,0.01
2022-01-10T05:20:00+07:00,0,0,0,0,0,0,0.0025,0,0.015,0.035
2022-01-10T05:40:00+07:00,0,0,0,0,0,0,0,0.0025,0,0.005
2022-01-10T06:00:00+07:00,0,0,0,0,0,0,0.005,0.0025,0,0
2022-01-10T06:20:00+07:00,0,0,0,0,0,0,0.04,0,0.015,0
2022-01-10T06:40:00+07:00,0,0,0,0,0.02,0.03,0,0.005,0,0.03
2022-01-10T07:00:00+07:00,0,0,0.01,0,0,0,0.0025,0.06,0,0.01
2022-01-10T07:20:00+07:00,0.01,0,0,0,0,0,0.01,0,0,0.005
2022-01-10T07:40:00+07:00,0.013333333,0,0,0,0,0,0.0025,0,0,0.025
2022-01-10T08:00:00+07:00,0,0,0,0,0.035,0,0.015,0.03,0,0
2022-01-10T08:20:00+07:00,0,0,0.015,0,0,0,0.0025,0.0075,0,0.03
2022-01-10T08:40:00+07:00,0,0,0,0,0,0,0,0,0,0.185
2022-01-10T09:00:00+07:00,0,0,0,0,0,0,0,0.0025,0,0
2022-01-10T09:20:00+07:00,0,0,0.015,0,0,0,0,0.0175,0,0
2022-01-10T09:40:00+07:00,0,0,0,0,0,0,0.0025,0,0,0
2022-01-10T10:00:00+07:00,0,0,0,0,0,0,0.0125,0.0075,0.01,0.18
2022-01-10T10:20:00+07:00,0,0,0,0,0,0,0.0025,0.0025,0,0.12
2022-01-10T10:40:00+07:00,0,0,0,0,0.02,0,0,0,0,0.015
2022-01-10T11:00:00+07:00,0,0,0,0,0,0,0,0,0.05,0.04
2022-01-10T11:20:00+07:00,0,0,0.01,0,0,0,0,0,0,0
2022-01-10T11:40:00+07:00,0,0,0,0,0.01,0,0,0,0.005,0.05
2022-01-10T12:00:00+07:00,0,0,0.005,0,0,0,0,0,0.025,0
2022-01-10T12:20:00+07:00,0,0,0.02,0,0.055,0,0,0.0025,0.0175,0.04
2022-01-10T12:40:00+07:00,0,0,0,0,0,0,0,0,0,0.07
2022-01-10T13:00:00+07:00,0,0,0,0,0,0,0,0,0.0025,0
2022-01-10T13:20:00+07:00,0,0,0,0,0.04,0,0.0025,0,0.0025,0.03
2022-01-10T13:40:00+07:00,0,0,0,0,0,0,0.0475,0,0,0.025
2022-01-10T14:00:00+07:00,0,0,0,0,0,0,0,0,0,0.01
2022-01-10T14:20:00+07:00,0,0,0.03,0,0,0,0,0.005,0,0.015
2022-01-10T14:40:00+07:00,0,0,0,0,0,0,0.0075,0.005,0,0.01
2022-01-10T15:00:00+07:00,0,0,0.01,0,0,0,0,0,0,0
2022-01-10T15:20:00+07:00,0,0,0,0,0,0,0.015,0.0475,0,0.005
2022-01-10T15:40:00+07:00,0,0,0,0,0,0,0,0,0,0.2
2022-01-10T16:00:00+07:00,0,0,0,0,0,0,0,0,0.005,0.02
2022-01-10T16:20:00+07:00,0,0,0,0,0,0,0.0275,0.0475,0,0.035
2022-01-10T16:40:00+07:00,0,0,0,0,0,0,0.01,0,0,0
2022-01-10T17:00:00+07:00,0,0,0,0,0,0,0,0.0575,0.0025,0.025
2022-01-10T17:20:00+07:00,0,0,0,0,0,0,0.0125,0,0,0.015
2022-01-10T17:40:00+07:00,0,0,0,0,0,0,0,0,0,0.025
2022-01-10T18:00:00+07:00,0,0.01,0.025,0,0,0,0,0,0.0125,0
2022-01-10T18:20:00+07:00,0,0,0.015,0,0,0,0.0025,0,0,0.005
2022-01-10T18:40:00+07:00,0,0,0,0,0,0,0.0075,0,0,0.01
2022-01-10T19:00:00+07:00,0,0,0,0,0,0,0,0.0075,0,0.035
2022-01-10T19:20:00+07:00,0,0,0,0,0.02,0,0,0.02,0.025,0
2022-01-10T19:40:00+07:00,0,0,0,0.01,0,0.01,0,0.005,0,0.07
2022-01-10T20:00:00+07:00,0,0,0,0,0,0,0,0.0025,0,0
2022-01-10T20:20:00+07:00,0,0,0,0,0,0,0,0,0.01,0
2022-01-10T20:40:00+07:00,0,0,0,0,0,0,0,0,0.0325,0.015
2022-01-10T21:00:00+07:00,0,0,0,0,0,0,0,0.0125,0,0
2022-01-10T21:20:00+07:00,0,0,0,0,0,0,0.0075,0,0.0025,0.03
2022-01-10T21:40:00+07:00,0,0,0,0,0,0,0,0,0.01,0.005
2022-01-10T22:00:00+07:00,0,0,0,0,0,0,0.015,0,0,0.035
2022-01-10T22:20:00+07:00,0,0,0,0,0.015,0,0,0.0025,0,0.03
2022-01-10T22:40:00+07:00,0,0,0.005,0,0,0,0,0.0075,0,0.005
2022-01-10T23:00:00+07:00,0,0,0,0,0.005,0,0,0,0,0.05
2022-01-10T23:20:00+07:00,0,0,0.03,0,0,0,0,0.0025,0,0
2022-01-10T23:40:00+07:00,0,0,0,0,0.01,0,0.0125,0.06,0.01,0.035
2022-01-11T00:00:00+07:00,0,0,0,0,0,0,0,0.0025,0.0025,0
2022-01-11T00:20:00+07:00,0,0,0,0,0,0,0,0,0,0.005
2022-01-11T00:40:00+07:00,0,0,0.02,0,0,0,0.04,0.02,0,0.035
2022-01-11T01:00:00+07:00,0,0,0,0,0.01,0,0.005,0,0,0.05
2022-01-11T01:20:00+07:00,0,0,0,0,0.015,0,0,0.0025,0.0375,0.01
2022-01-11T01:40:00+07:00,0,0,0.045,0,0,0,0,0.02,0.0025,0.015
2022-01-11T02:00:00+07:00,0,0.005,0,0,0,0.01,0,0,0,0
2022-01-11T02:20:00+07:00,0,0,0.015,0,0,0,0.0075,0,0.0025,0.025
2022-01-11T02:40:00+07:00,0,0,0,0,0,0,0.04,0.0025,0,0
2022-01-11T03:00:00+07:00,0,0,0,0,0,0,0.0375,0,0.005,0.02
2022-01-11T03:20:00+07:00,0,0,0,0,0,0,0,0,0,0.005
2022-01-11T03:40:00+07:00,0.005,0,0,0,0.025,0,0.0075,0.0175,0.03,0.08
2022-01-11T04:00:00+07:00,0,0.065,0,0,0,0,0,0,0.015,0
2022-01-11T04:20:00+07:00,0,0,0,0,0,0,0.0075,0,0,0.02
2022-01-11T04:40:00+07:00,0,0,0,0,0,0,0,0,0.03,0.005
2022-01-11T05:00:00+07:00,0,0,0,0,0,0,0.0025,0,0.01,0
2022-01-11T05:20:00+07:00,0,0,0,0,0,0,0.0025,0,0,0.045
2022-01-11T05:40:00+07:00,0,0,0,0,0,0,0.01,0,0,0.025
2022-01-11T06:00:00+07:00,0,0.01,0,0,0.025,0.02,0.01,0.005,0,0.045
2022-01-11T06:20:00+07:00,0,0,0,0,0,0,0,0,0,0.025
2022-01-11T06:40:00+07:00,0,0,0,0,0,0,0.0025,0,0,0
2022-01-11T07:00:00+07:00,0,0,0,0.005,0,0,0,0.0125,0.015,0.005
2022-01-11T07:20:00+07:00,0,0,0,0,0,0,0.0125,0,0.0075,0
2022-01-11T07:40:00+07:00,0,0,0.02,0,0,0,0,0.0025,0,0.03
2022-01-11T08:00:00+07:00,0,0,0.01,0.005,0.005,0,0.0025,0.0525,0,0
2022-01-11T08:20:00+07:00,0,0,0.005,0,0,0,0.015,0,0,0.035
2022-01-11T08:40:00+07:00,0,0,0,0,0,0,0.01,0,0.0025,0
2022-01-11T09:00:00+07:00,0,0,0,0,0.01,0,0.08,0.025,0.04,0.06
2022-01-11T09:20:00+07:00,0,0,0,0,0,0,0.0475,0.0025,0.0175,0.025
2022-01-11T09:40:00+07:00,0,0,0,0.02,0,0,0.005,0,0,0.04
2022-01-11T10:00:00+07:00,0,0,0,0,0.07,0.005,0,0,0,0.005
2022-01-11T10:20:00+07:00,0,0,0,0,0,0,0,0,0,0.005
2022-01-11T10:40:00+07:00,0.006666667,0,0,0,0,0,0,0.0125,0,0.01
2022-01-11T11:00:00+07:00,0,0,0,0,0,0,0,0.04,0.0175,0.02
2022-01-11T11:20:00+07:00,0,0,0,0,0.01,0,0,0,0,0
2022-01-11T11:40:00+07:00,0,0,0,0,0,0,0.0025,0,0,0.035
2022-01-11T12:00:00+07:00,0,0,0.035,0,0.005,0,0,0,0.05,0.035
2022-01-11T12:20:00+07:00,0,0,0,0,0,0,0,0,0,0.02
2022-01-11T12:40:00+07:00,0,0,0,0,0,0,0,0.0025,0,0
2022-01-11T13:00:00+07:00,0,0,0,0,0,0.02,0,0,0.015,0
2022-01-11T13:20:00+07:00,0,0,0,0,0.005,0,0.0025,0,0.0375,0.005
2022-01-11T13:40:00+07:00,0,0,0,0,0,0,0,0.0025,0,0.005
2022-01-11T14:00:00+07:00,0,0,0,0,0,0,0,0,0,0.005
2022-01-11T14:20:00+07:00,0,0,0,0,0,0,0,0,0,0
2022-01-11T14:40:00+07:00,0,0,0.03,0,0,0,0.0025,0,0,0
2022-01-11T15:00:00+07:00,0,0,0,0,0,0,0,0.0025,0,0.01
2022-01-11T15:20:00+07:00,0,0,0.005,0,0,0,0.0025,0.0025,0,0.085
2022-01-11T15:40:00+07:00,0,0,0,0,0,0,0,0,0,0
2022-01-11T16:00:00+07:00,0,0,0,0,0.035,0,0.005,0.01,0,0
2022-01-11T16:20:00+07:00,0,0,0.035,0,0.01,0,0.005,0.06,0,0.085
2022-01-11T16:40:00+07:00,0,0,0,0.01,0,0,0.0075,0,0,0
2022-01-11T17:00:00+07:00,0,0,0,0,0,0,0.02,0,0.0075,0
2022-01-11T17:20:00+07:00,0,0,0,0,0,0.015,0.0275,0,0,0
2022-01-11T17:40:00+07:00,0.005,0,0,0,0,0,0.0125,0.005,0.01,0
2022-01-11T18:00:00+07:00,0,0,0,0,0,0,0,0,0.01,0
2022-01-11T18:20:00+07:00,0,0,0,0,0,0,0.0075,0,0,0
2022-01-11T18:40:00+07:00,0,0,0,0,0,0,0.07,0,0,0.005
2022-01-11T19:00:00+07:00,0,0,0,0,0,0,0,0,0.0375,0.055
2022-01-11T19:20:00+07:00,0,0,0,0,0,0,0,0,0,0.035
2022-01-11T19:40:00+07:00,0,0,0,0,0,0,0,0.0025,0,0.005
2022-01-11T20:00:00+07:00,0,0.01,0,0,0.005,0,0.0025,0,0.0375,0.005
2022-01-11T20:20:00+07:00,0,0,0.005,0,0,0,0,0,0.0525,0
2022-01-11T20:40:00+07:00,0,0,0.02,0,0,0,0.0375,0,0,0.005
2022-01-11T21:00:00+07:00,0,0,0,0,0.04,0,0,0.01,0,0
2022-01-11T21:20:00+07:00,0,0,0.03,0,0,0,0,0,0.025,0.02
2022-01-11T21:40:00+07:00,0,0,0.03,0.005,0.02,0,0,0,0.015,0
2022-01-11T22:00:00+07:00,0,0,0,0,0.03,0.005,0,0,0,0.025
2022-01-11T22:20:00+07:00,0,0,0,0.025,0,0,0.0075,0,0.0175,0
2022-01-11T22:40:00+07:00,0,0,0,0,0,0,0.005,0,0.02,0.065
2022-01-11T23:00:00+07:00,0.008333333,0,0,0,0.025,0,0,0,0.005,0.025
2022-01-11T23:20:00+07:00,0,0,0.045,0,0,0,0.0025,0.0025,0,0.005
2022-01-11T23:40:00+07:00,0,0,0.01,0,0,0,0.02,0,0,0
2022-01-12T00:00:00+07:00,0,0,0,0,0,0.03,0,0,0.0175,0
2022-01-12T00:20:00+07:00,0.001666667,0.035,0.015,0,0,0.065,0,0.0275,0,0
2022-01-12T00:40:00+07:00,0,0,0,0,0,0,0.015,0.0475,0,0.015
2022-01-12T01:00:00+07:00,0,0,0.03,0,0,0,0,0,0,0.005
2022-01-12T01:20:00+07:00,0,0,0,0,0.01,0,0,0,0,0
2022-01-12T01:40:00+07:00,0,0,0,0,0,0,0.04,0,0,0
2022-01-12T02:00:00+07:00,0,0,0.005,0,0,0,0.0325,0,0,0
2022-01-12T02:20:00+07:00,0,0,0,0.38,0,0,0,0.01,0,0.035
2022-01-12T02:40:00+07:00,0,0,0.005,0,0,0,0,0,0,0.025
2022-01-12T03:00:00+07:00,0,0,0.005,0,0,0,0.005,0.045,0.0125,0.035
2022-01-12T03:20:00+07:00,0.011666667,0,0,0,0,0.01,0.025,0,0.0025,0.15
2022-01-12T03:40:00+07:00,0,0,0,0,0,0,0.0025,0,0.0025,0
2022-01-12T04:00:00+07:00,0.006666667,0,0,0,0,0,0.0375,0,0,0.025
2022-01-12T04:20:00+07:00,0,0,0,0,0.005,0,0,0,0,0.005
2022-01-12T04:40:00+07:00,0,0,0.005,0,0.02,0,0.02,0,0.07,0.05
2022-01-12T05:00:00+07:00,0,0,0,0,0,0,0,0,0,0.015
2022-01-12T05:20:00+07:00,0,0,0,0,0,0,0,0,0,0
2022-01-12T05:40:00+07:00,0,0,0,0,0,0,0,0,0.0175,0
2022-01-12T06:00:00+07:00,0,0,0.005,0,0.11,0,0.0125,0.01,0.02,0.01
2022-01-12T06:20:00+07:00,0.006666667,0,0,0,0.045,0,0.005,0.0375,0.0075,0.005
2022-01-12T06:40:00+07:00,0,0,0,0,0,0,0,0,0.01,0
2022-01-12T07:00:00+07:00,0,0,0,0,0.005,0,0.0075,0.0175,0.0175,0.05
2022-01-12T07:20:00+07:00,0,0,0,0,0.005,0,0,0,0.0025,0
2022-01-12T07:40:00+07:00,0,0,0,0,0,0,0,0.0075,0.015,0.01
2022-01-12T08:00:00+07:00,0.01,0,0,0,0,0,0,0,0.0125,0.01
2022-01-12T08:20:00+07:00,0,0,0.03,0,0,0.005,0,0.02,0,0.055
2022-01-12T08:40:00+07:00,0,0,0,0,0,0.03,0,0.015,0.005,0
2022-01-12T09:00:00+07:00,0,0,0,0,0,0,0.005,0.025,0.02,0.025
2022-01-12T09:20:00+07:00,0,0,0.005,0,0,0,0.0075,0,0,0.145
2022-01-12T09:40:00+07:00,0,0,0.01,0,0,0,0,0,0.0025,0.055
2022-01-12T10:00:00+07:00,0,0,0,0,0,0,0.0775,0.0025,0,0
2022-01-12T10:20:00+07:00,0,0,0.03,0,0,0,0.0125,0,0,0.005
2022-01-12T10:40:00+07:00,0,0,0.005,0,0.03,0,0,0.105,0.02,0.01
2022-01-12T11:00:00+07:00,0,0,0.015,0,0.005,0,0,0,0.0125,0.17
2022-01-12T11:20:00+07:00,0,0,0,0.02,0,0,0.0075,0,0,0
2022-01-12T11:40:00+07:00,0,0,0,0,0,0,0,0.005,0.005,0.005
2022-01-12T12:00:00+07:00,0,0,0.02,0,0,0,0,0,0,0
2022-01-12T12:20:00+07:00,0,0,0,0,0,0,0,0.0025,0,0.065
2022-01-12T12:40:00+07:00,0,0,0,0,0,0,0.0025,0,0,0.045
2022-01-12T13:00:00+07:00,0,0,0,0,0.005,0,0,0.0025,0.02,0
2022-01-12T13:20:00+07:00,0,0,0.005,0,0.03,0,0,0,0,0.01
2022-01-12T13:40:00+07:00,0,0,0,0,0,0,0.005,0.0325,0.005,0.01
2022-01-12T14:00:00+07:00,0,0,0,0,0,0,0,0,0.0525,0.015
2022-01-12T14:20:00+07:00,0,0,0,0,0.01,0,0.0375,0,0.0175,0.065
2022-01-12T14:40:00+07:00,0,0,0,0,0,0,0.0025,0.05,0,0
2022-01-12T15:00:00+07:00,0,0.005,0,0,0,0,0.0025,0,0.01,0.045
2022-01-12T15:20:00+07:00,0,0,0,0,0,0,0.005,0.015,0.015,0
2022-01-12T15:40:00+07:00,0,0,0,0,0,0,0.035,0,0,0.05
2022-01-12T16:00:00+07:00,0,0,0,0,0,0,0,0.005,0,0.045
2022-01-12T16:20:00+07:00,0,0,0.005,0,0,0,0.04,0.0275,0,0.01
2022-01-12T16:40:00+07:00,0,0,0,0,0,0,0,0,0,0.035
2022-01-12T17:00:00+07:00,0,0,0,0,0,0,0.0025,0.0025,0.0075,0.05
2022-01-12T17:20:00+07:00,0.008333333,0,0.005,0,0,0,0.005,0.0725,0.0075,0.08
2022-01-12T17:40:00+07:00,0,0,0,0,0,0,0,0.015,0,0
2022-01-12T18:00:00+07:00,0,0,0,0,0,0,0,0,0,0.005
2022-01-12T18:20:00+07:00,0,0,0.02,0,0,0,0.0775,0,0,0
2022-01-12T18:40:00+07:00,0,0,0.01,0,0.005,0,0.01,0.0075,0,0
2022-01-12T19:00:00+07:00,0,0,0,0,0,0,0.0175,0,0.005,0.085
2022-01-12T19:20:00+07:00,0,0,0,0,0,0,0,0,0,0.055
2022-01-12T19:40:00+07:00,0,0,0,0,0,0,0.0025,0,0,0.025
2022-01-12T20:00:00+07:00,0,0,0.005,0,0,0,0,0,0,0.005
2022-01-12T20:20:00+07:00,0,0,0,0,0,0,0,0.0075,0,0
2022-01-12T20:40:00+07:00,0,0,0,0,0,0,0.0475,0.0125,0,0.015
2022-01-12T21:00:00+07:00,0,0,0,0,0,0,0.0175,0,0,0
2022-01-12T21:20:00+07:00,0,0,0,0,0,0,0.0125,0.005,0.0775,0
2022-01-12T21:40:00+07:00,0,0.09,0,0,0,0,0,0,0,0.03
2022-01-12T22:00:00+07:00,0,0,0,0.01,0,0,0,0,0,0.03
2022-01-12T22:20:00+07:00,0,0,0,0,0,0,0.01,0.005,0.0175,0.025
2022-01-12T22:40:00+07:00,0,0,0,0,0,0.02,0,0,0.03,0
2022-01-12T23:00:00+07:00,0,0,0.005,0,0,0,0,0,0,0.045
2022-01-12T23:20:00+07:00,0,0.035,0,0,0,0,0,0,0,0
2022-01-12T23:40:00+07:00,0,0,0.02,0,0,0,0.005,0.0075,0,0.05
2022-01-13T00:00:00+07:00,0,0,0,0,0,0,0,0,0,0
2022-01-13T00:20:00+07:00,0,0,0.035,0,0,0,0.0025,0.0025,0.025,0.005
2022-01-13T00:40:00+07:00,0,0,0.005,0,0.04,0,0,0,0,0.01
2022-01-13T01:00:00+07:00,0,0,0,0,0.04,0,0.0025,0.0075,0.0125,0.11
2022-01-13T01:20:00+07:00,0,0,0.04,0,0,0.015,0.005,0.0025,0,0.03
2022-01-13T01:40:00+07:00,0,0,0,0,0,0,0.0225,0.0375,0.0175,0.035
2022-01-13T02:00:00+07:00,0,0,0,0,0,0,0,0,0,0.015
2022-01-13T02:20:00+07:00,0,0,0,0,0.015,0,0.005,0,0.005,0.035
2022-01-13T02:40:00+07:00,0,0,0.025,0,0.025,0,0.0725,0,0.0125,0.15
2022-01-13T03:00:00+07:00,0,0,0,0,0,0,0.0125,0,0,0
2022-01-13T03:20:00+07:00,0.003333333,0,0,0,0.01,0,0,0.0125,0,0.105
2022-01-13T03:40:00+07:00,0,0,0,0,0,0,0,0.0375,0,0.04
2022-01-13T04:00:00+07:00,0,0,0.025,0,0.02,0,0.025,0,0,0
2022-01-13T04:20:00+07:00,0,0,0,0,0,0,0,0.0025,0.0025,0.005
2022-01-13T04:40:00+07:00,0,0,0,0,0,0,0,0.03,0,0
2022-01-13T05:00:00+07:00,0,0,0,0,0,0,0,0,0,0
2022-01-13T05:20:00+07:00,0,0,0,0,0,0,0,0,0,0.03
2022-01-13T05:40:00+07:00,0,0,0,0,0.02,0,0.0075,0.0075,0.045,0.025
2022-01-13T06:00:00+07:00,0.001666667,0,0,0,0.04,0,0.0025,0,0,0
2022-01-13T06:20:00+07:00,0.011666667,0,0,0,0,0,0.01,0.0425,0,0.025
2022-01-13T06:40:00+07:00,0,0,0,0.01,0,0,0,0,0.0475,0.02
2022-01-13T07:00:00+07:00,0,0,0,0,0,0,0,0.0025,0.0325,0
2022-01-13T07:20:00+07:00,0,0,0,0,0,0,0,0,0.005,0.06
2022-01-13T07:40:00+07:00,0,0,0.005,0,0,0,0.005,0.0025,0,0.015
2022-01-13T08:00:00+07:00,0,0,0,0,0.035,0,0.0075,0.0025,0,0.01
2022-01-13T08:20:00+07:00,0,0,0,0,0,0,0,0,0,0.045
2022-01-13T08:40:00+07:00,0,0,0,0,0,0,0.0175,0.0025,0,0.01
2022-01-13T09:00:00+07:00,0,0,0.01,0,0,0,0.0025,0,0.0025,0
2022-01-13T09:20:00+07:00,0,0,0.055,0,0,0,0,0,0,0.025
2022-01-13T09:40:00+07:00,0,0,0.025,0,0,0,0.0025,0.0075,0.01,0
2022-01-13T10:00:00+07:00,0,0,0,0,0,0,0.0075,0.025,0.015,0
2022-01-13T10:20:00+07:00,0,0,0.005,0,0.05,0,0,0.0025,0,0.02
2022-01-13T10:40:00+07:00,0,0,0.015,0,0.035,0,0.005,0,0,0.075
2022-01-13T11:00:00+07:00,0,0,0,0.035,0.005,0,0.0475,0,0,0
2022-01-13T11:20:00+07:00,0,0,0,0,0,0,0.0175,0,0,0.035
2022-01-13T11:40:00+07:00,0,0.005,0,0,0,0,0.005,0,0.0075,0.005
2022-01-13T12:00:00+07:00,0,0,0.01,0,0,0.01,0,0,0,0
2022-01-13T12:20:00+07:00,0,0,0.02,0,0,0,0.0075,0.0025,0,0
2022-01-13T12:40:00+07:00,0,0,0,0,0,0,0.0025,0.0025,0.0275,0.055
2022-01-13T13:00:00+07:00,0,0,0.005,0.005,0.005,0,0,0.0125,0,0
2022-01-13T13:20:00+07:00,0,0,0,0,0.035,0,0.005,0,0,0
2022-01-13T13:40:00+07:00,0,0,0,0,0,0,0,0,0,0.005
2022-01-13T14:00:00+07:00,0,0,0,0,0,0,0.015,0,0.0575,0
2022-01-13T14:20:00+07:00,0,0,0.04,0,0,0,0,0,0,0.005
2022-01-13T14:40:00+07:00,0,0,0.01,0,0,0,0.005,0,0.0175,0.04
2022-01-13T15:00:00+07:00,0,0,0.01,0,0,0,0,0,0.03,0
2022-01-13T15:20:00+07:00,0,0,0,0,0,0,0.005,0,0.03,0.01
2022-01-13T15:40:00+07:00,0,0,0,0,0,0,0,0,0,0
2022-01-13T16:00:00+07:00,0,0,0,0.03,0.015,0.015,0.02,0,0.0125,0.035
2022-01-13T16:20:00+07:00,0,0,0,0,0.02,0,0.01,0.0025,0,0
2022-01-13T16:40:00+07:00,0,0,0,0,0.01,0,0,0,0.0025,0.03
2022-01-13T17:00:00+07:00,0,0,0.005,0,0,0,0.04,0.015,0,0
2022-01-13T17:20:00+07:00,0,0,0,0,0,0,0,0.005,0,0.015
2022-01-13T17:40:00+07:00,0,0,0.01,0,0,0,0,0,0,0.035
2022-01-13T18:00:00+07:00,0,0,0.085,0,0,0.05,0.0025,0.005,0.0525,0.01
2022-01-13T18:20:00+07:00,0.006666667,0,0,0,0,0,0.01,0.0275,0.01,0.06
2022-01-13T18:40:00+07:00,0,0,0,0,0,0,0,0,0,0
2022-01-13T19:00:00+07:00,0,0,0,0,0,0,0,0.0025,0,0.035
2022-01-13T19:20:00+07:00,0,0.015,0.03,0,0,0,0.0625,0,0.0075,0.005
2022-01-13T19:40:00+07:00,0,0,0,0,0,0,0.0125,0,0.005,0.045
2022-01-13T20:00:00+07:00,0,0,0,0,0.005,0,0,0,0,0.005
2022-01-13T20:20:00+07:00,0,0.005,0,0,0,0,0,0,0,0
2022-01-13T20:40:00+07:00,0,0,0,0,0,0,0.0425,0,0.01,0
2022-01-13T21:00:00+07:00,0,0,0,0,0,0,0.005,0,0.005,0.005
2022-01-13T21:20:00+07:00,0,0.02,0,0,0,0,0.0075,0,0.0025,0
2022-01-13T21:40:00+07:00,0,0,0,0,0,0,0.0025,0.0075,0,0
2022-01-13T22:00:00+07:00,0,0,0,0,0,0,0,0,0,0
2022-01-13T22:20:00+07:00,0,0.005,0,0.005,0,0,0,0,0.0425,0
2022-01-13T22:40:00+07:00,0,0,0,0,0,0,0,0,0.0175,0.005
2022-01-13T23:00:00+07:00,0,0,0.01,0,0.015,0,0.0075,0.005,0.01,0.005
2022-01-13T23:20:00+07:00,0,0,0.005,0,0,0,0,0,0.0725,0.015
2022-01-13T23:40:00+07:00,0,0,0,0,0.16,0.005,0,0,0.02,0.06
2022-01-14T00:00:00+07:00,0,0.01,0,0,0,0,0,0,0,0
2022-01-14T00:20:00+07:00,0,0,0.01,0,0,0,0.02,0,0.0175,0.005
2022-01-14T00:40:00+07:00,0.006666667,0,0,0,0,0.02,0.0175,0,0.0125,0
2022-01-14T01:00:00+07:00,0.006666667,0,0,0,0.005,0,0,0,0,0
2022-01-14T01:20:00+07:00,0,0.025,0,0,0.005,0,0,0.0125,0.015,0
2022-01-14T01:40:00+07:00,0,0,0.015,0,0,0,0,0.0025,0,0
2022-01-14T02:00:00+07:00,0,0,0,0,0,0,0.0175,0,0,0.005
2022-01-14T02:20:00+07:00,0,0,0.03,0.025,0.005,0,0.0175,0.0075,0,0.06
2022-01-14T02:40:00+07:00,0,0,0,0,0,0.01,0.0225,0.0725,0,0.015
2022-01-14T03:00:00+07:00,0,0,0.02,0,0,0,0.0125,0.005,0,0.08
2022-01-14T03:20:00+07:00,0,0.015,0,0,0.01,0,0,0,0,0.01
2022-01-14T03:40:00+07:00,0,0.01,0,0,0,0,0.0475,0,0,0
2022-01-14T04:00:00+07:00,0,0,0,0,0.01,0,0.0175,0,0,0.005
2022-01-14T04:20:00+07:00,0,0,0,0,0,0,0,0.04,0.0025,0.035
2022-01-14T04:40:00+07:00,0,0,0,0,0,0,0.005,0,0,0
2022-01-14T05:00:00+07:00,0,0,0,0,0,0,0.005,0.005,0,0.02
2022-01-14T05:20:00+07:00,0,0,0,0.005,0,0,0,0,0.005,0.07
2022-01-14T05:40:00+07:00,0,0,0.075,0,0,0,0,0.0025,0,0
2022-01-14T06:00:00+07:00,0,0,0,0,0.025,0,0,0,0,0
2022-01-14T06:20:00+07:00,0,0,0.005,0.01,0,0,0.0025,0,0,0
2022-01-14T06:40:00+07:00,0,0,0,0,0.005,0,0.0025,0,0.0475,0.01
2022-01-14T07:00:00+07:00,0,0,0,0,0,0,0,0,0.0175,0.01
2022-01-14T07:20:00+07:00,null,null,null,null,null,null,null,null,null,null
2022-01-14T07:40:00+07:00,null,null,null,null,null,null,null,null,null,null
2022-01-14T08:00:00+07:00,null,null,null,null,null,null,null,null,null,null
2022-01-14T08:20:00+07:00,null,null,null,null,null,null,null,null,null,null
2022-01-14T08:40:00+07:00,null,null,null,null,null,null,null,null,null,null
2022-01-14T09:00:00+07:00,null,null,null,null,null,null,null,null,null,null
2022-01-14T09:20:00+07:00,null,null,null,null,null,null,null,null,null,null
2022-01-14T09:40:00+07:00,null,null,null,null,null,null,null,null,null,null
2022-01-14T10:00:00+07:00,null,null,null,null,null,null,null,null,null,null
2022-01-14T10:20:00+07:00,null,null,null,null,null,null,null,null,null,null
2022-01-14T10:40:00+07:00,null,null,null,null,null,null,null,null,null,null
2022-01-14T11:00:00+07:00,null,null,null,null,null,null,null,null,null,null
2022-01-14T11:20:00+07:00,null,null,null,null,null,null,null,null,null,null
2022-01-14T11:40:00+07:00,null,null,null,null,null,null,null,null,null,null
2022-01-14T12:00:00+07:00,null,null,null,null,null,null,null,null,null,null
2022-01-14T12:20:00+07:00,null,null,null,null,null,null,null,null,null,null
2022-01-14T12:40:00+07:00,null,null,null,null,null,null,null,null,null,null
2022-01-14T13:00:00+07:00,null,null,null,null,null,null,null,null,null,null
2022-01-14T13:20:00+07:00,null,null,null,null,null,null,null,null,null,null
2022-01-14T13:40:00+07:00,null,null,null,null,null,null,null,null,null,null
2022-01-14T14:00:00+07:00,null,null,null,null,null,null,null,null,null,null
2022-01-14T14:20:00+07:00,null,null,null,null,null,null,null,null,null,null
2022-01-14T14:40:00+07:00,null,null,null,null,null,null,null,null,null,null
2022-01-14T15:00:00+07:00,null,null,null,null,null,null,null,null,null,null
2022-01-14T15:20:00+07:00,null,null,null,null,null,null,null,null,null,null
2022-01-14T15:40:00+07:00,null,null,null,null,null,null,null,null,null,null
2022-01-14T16:00:00+07:00,null,null,null,null,null,null,null,null,null,null
2022-01-14T16:20:00+07:00,null,null,null,null,null,null,null,null,null,null
2022-01-14T16:40:00+07:00,null,null,null,null,null,null,null,null,null,null
2022-01-14T17:00:00+07:00,null,null,null,null,null,null,null,null,null,null
2022-01-14T17:20:00+07:00,null,null,null,null,null,null,null,null,null,null
2022-01-14T17:40:00+07:00,null,null,null,null,null,null,null,null,null,null
2022-01-14T18:00:00+07:00,0,0,0,0,0,0,0,0.005,0.01,0
2022-01-14T18:20:00+07:00,0,0,0,0,0,0,0.0025,0.0075,0,0
2022-01-14T18:40:00+07:00,0,0,0,0,0,0,0,0,0,0
2022-01-14T19:00:00+07:00,0,0,0.045,0,0,0,0.0025,0.0075,0.015,0
2022-01-14T19:20:00+07:00,0,0,0,0,0,0,0.0125,0.0575,0,0
2022-01-14T19:40:00+07:00,0,0,0.02,0,0,0,0.0025,0.015,0.0075,0
2022-01-14T20:00:00+07:00,0,0,0,0,0.025,0,0,0,0,0
2022-01-14T20:20:00+07:00,0,0,0,0,0.005,0,0.035,0.005,0.04,0
2022-01-14T20:40:00+07:00,0,0,0,0,0,0,0.02,0,0,0
2022-01-14T21:00:00+07:00,0,0,0.03,0,0,0,0,0.005,0,0
2022-01-14T21:20:00+07:00,0,0,0,0,0.04,0.015,0.0125,0,0,0
2022-01-14T21:40:00+07:00,0,0,0,0,0.025,0,0.005,0.005,0.0075,0
2022-01-14T22:00:00+07:00,0,0,0,0,0,0,0,0.0025,0.015,0
2022-01-14T22:20:00+07:00,0,0.005,0.01,0,0,0,0,0.01,0,0
2022-01-14T22:40:00+07:00,0,0,0,0,0,0,0,0,0.0025,0
2022-01-14T23:00:00+07:00,0,0,0,0,0,0,0.0075,0,0,0
2022-01-14T23:20:00+07:00,0,0,0,0,0.015,0.015,0.0025,0,0.065,0
2022-01-14T23:40:00+07:00,0,0,0,0,0,0,0.005,0,0,0
2022-01-15T00:00:00+07:00,0,0,0,0,0,0,0,0,0,0
2022-01-15T00:20:00+07:00,0,0,0,0.02,0,0,0,0.005,0.0375,0
2022-01-15T00:40:00+07:00,0,0,0,0,0,0,0,0,0.065,0
2022-01-15T01:00:00+07:00,0,0,0,0,0,0,0.0175,0,0.04,0
2022-01-15T01:20:00+07:00,0,0,0,0,0,0,0,0,0,0
2022-01-15T01:40:00+07:00,0,0,0.03,0.015,0,0,0.0075,0,0,0
2022-01-15T02:00:00+07:00,0,0,0,0,0,0,0,0,0,0
2022-01-15T02:20:00+07:00,0,0,0,0,0.015,0,0,0.03,0.0025,0
2022-01-15T02:40:00+07:00,0,0,0.005,0,0,0,0.01,0,0.0075,0
2022-01-15T03:00:00+07:00,0,0,0,0,0.02,0,0,0,0.005,0
2022-01-15T03:20:00+07:00,0.005,0,0.04,0,0,0,0.0025,0.0075,0,0.02
2022-01-15T03:40:00+07:00,0.006666667,0,0,0,0,0,0.0125,0.0825,0,0
2022-01-15T04:00:00+07:00,0,0,0,0,0.005,0,0.005,0.0025,0,0
2022-01-15T04:20:00+07:00,0,0,0,0,0,0,0,0.025,0,0.005
2022-01-15T04:40:00+07:00,0,0,0,0,0,0,0.0475,0.005,0,0.005
2022-01-15T05:00:00+07:00,0.001666667,0,0,0,0,0.035,0.0325,0,0.005,0
2022-01-15T05:20:00+07:00,0,0,0.055,0,0,0,0,0.0175,0.0725,0
2022-01-15T05:40:00+07:00,0,0,0,0,0,0,0,0,0,0
2022-01-15T06:00:00+07:00,0,0.01,0,0,0.005,0,0.0025,0,0.0025,0
2022-01-15T06:20:00+07:00,0,0,0,0,0,0,0.0075,0,0.005,0
2022-01-15T06:40:00+07:00,0,0.005,0,0,0.03,0,0,0.04,0,0
2022-01-15T07:00:00+07:00,0,0,0,0,0,0,0,0,0,0
2022-01-15T07:20:00+07:00,0,0,0.01,0,0.01,0,0.0075,0.0175,0.035,0
2022-01-15T07:40:00+07:00,0,0,0,0,0.01,0,0,0,0.0275,0
2022-01-15T08:00:00+07:00,0,0,0,0,0,0,0,0,0.005,0
2022-01-15T08:20:00+07:00,0,0,0,0,0,0,0.0025,0,0.005,0
2022-01-15T08:40:00+07:00,0,0,0,0,0,0,0,0,0.0425,0
2022-01-15T09:00:00+07:00,0,0,0,0,0,0,0.0125,0,0.0425,0
2022-01-15T09:20:00+07:00,0,0,0.005,0,0.005,0,0.01,0,0,0
2022-01-15T09:40:00+07:00,0,0,0.045,0.075,0,0,0.0025,0,0.005,0.33
2022-01-15T10:00:00+07:00,0,0,0.01,0,0,0,0.0375,0,0,0
2022-01-15T10:20:00+07:00,0,0.005,0,0,0.01,0,0.0025,0,0,0
2022-01-15T10:40:00+07:00,0,0,0,0,0,0,0.025,0.025,0,0
2022-01-15T11:00:00+07:00,0,0,0,0,0,0,0,0,0,0
2022-01-15T11:20:00+07:00,0,0,0,0,0,0,0,0,0,0
2022-01-15T11:40:00+07:00,0,0,0,0,0,0.125,0.0025,0.0125,0,0.04
2022-01-15T12:00:00+07:00,0,0.03,0.005,0,0,0,0.0125,0.0775,0,0
2022-01-15T12:20:00+07:00,0,0,0,0,0,0,0,0.0025,0.0025,0
2022-01-15T12:40:00+07:00,0,0,0,0,0,0,0.0025,0,0,0
2022-01-15T13:00:00+07:00,0,0,0,0,0,0,0.045,0,0,0
2022-01-15T13:20:00+07:00,0,0,0,0,0.005,0,0.03,0,0,0
2022-01-15T13:40:00+07:00,0,0,0.035,0,0,0,0,0.0175,0,0.005
2022-01-15T14:00:00+07:00,0,0,0,0,0,0,0,0,0,0
2022-01-15T14:20:00+07:00,0.013333333,0,0,0,0.005,0,0,0,0.0025,0
2022-01-15T14:40:00+07:00,0,0,0,0,0,0,0,0.0075,0.0075,0
2022-01-15T15:00:00+07:00,0,0,0,0,0,0,0,0,0,0
2022-01-15T15:20:00+07:00,0,0,0.015,0,0,0,0,0,0,0
2022-01-15T15:40:00+07:00,0,0.015,0,0,0,0,0,0,0.005,0.005
2022-01-15T16:00:00+07:00,0,0,0,0,0,0,0,0,0.045,0
2022-01-15T16:20:00+07:00,0,0,0.005,0,0.04,0,0,0,0,0
2022-01-15T16:40:00+07:00,0,0,0,0,0,0,0.005,0,0,0
2022-01-15T17:00:00+07:00,0,0,0.015,0,0,0,0.0175,0.0025,0.03,0
2022-01-15T17:20:00+07:00,0,0,0.005,0,0.185,0,0,0,0.0375,0.01
2022-01-15T17:40:00+07:00,0,0,0,0,0.01,0,0.0175,0.0025,0,0.015
2022-01-15T18:00:00+07:00,0,0,0,0,0.015,0,0.04,0.02,0,0
2022-01-15T18:20:00+07:00,0,0,0.03,0,0,0,0.01,0,0,0
2022-01-15T18:40:00+07:00,0,0,0.01,0,0,0.005,0,0.0025,0,0.005
2022-01-15T19:00:00+07:00,0,0,0,0,0.015,0,0.005,0.02,0,0
2022-01-15T19:20:00+07:00,0,0,0.01,0,0,0,0,0,0.0075,0
2022-01-15T19:40:00+07:00,0,0,0,0,0,0,0,0.005,0,0.055
2022-01-15T20:00:00+07:00,0,0,0,0.035,0.055,0,0.0075,0.0125,0,0.02
2022-01-15T20:20:00+07:00,0,0,0.005,0,0,0,0.0125,0.0375,0,0.01
2022-01-15T20:40:00+07:00,0,0,0.005,0,0,0,0,0.0075,0,0
2022-01-15T21:00:00+07:00,0,0,0.025,0,0,0,0.0125,0.0025,0,0
2022-01-15T21:20:00+07:00,0,0,0,0,0,0,0.0325,0,0.005,0
2022-01-15T21:40:00+07:00,0,0,0,0,0,0,0.02,0,0,0.015
2022-01-15T22:00:00+07:00,0,0,0.035,0,0,0,0,0.0025,0.0075,0
2022-01-15T22:20:00+07:00,0,0,0,0,0,0,0,0,0.005,0
2022-01-15T22:40:00+07:00,0,0,0,0,0,0,0,0,0,0
2022-01-15T23:00:00+07:00,0,0,0,0,0,0,0.01,0,0.005,0
2022-01-15T23:20:00+07:00,0,0,0.12,0,0,0,0,0,0,0.01
2022-01-15T23:40:00+07:00,0,0,0,0,0,0,0.0025,0,0,0.01
2022-01-16T00:00:00+07:00,0,0,0,0,0,0,0,0.01,0.02,0
